naca,alpha,Re,shinyou,cl,cd,cm,ld,converged,bubble_start,bubble_end,separation
2408,6.0,700000.0,,0.9235,0.00972,-0.0543,95.01028806584362,True,0.0094466,0.036692,
2408,6.5,700000.0,,0.9577,0.01067,-0.05,89.75632614807871,True,0.0063847,0.026834,
2408,7.0,700000.0,,1.0188,0.01082,-0.0497,94.15896487985212,True,0.0051525,0.022736,
2408,7.5,700000.0,,1.0783,0.01138,-0.0498,94.75395430579965,True,0.0040825,0.022736,
2408,8.0,700000.0,,1.143,0.0116,-0.0501,98.5344827586207,True,0.0040825,0.019193,
2408,8.5,700000.0,,1.2043,0.01194,-0.0499,100.86264656616416,True,0.0031545,0.019193,
2408,9.0,700000.0,,1.2656,0.01218,-0.0498,103.9080459770115,True,0.0031545,0.019193,
2408,9.5,700000.0,,1.3253,0.01227,-0.05,108.01140994295028,True,0.0023584,0.019193,
2408,10.0,700000.0,ayashii,7.3306,0.00125,-1.7833,5864.48,True,0.0023584,0.016158,
2408,10.5,700000.0,,1.4462,0.01344,-0.051,107.60416666666666,True,0.0023584,0.016158,
2408,11.0,700000.0,ayashii,6.0081,0.00161,-1.3808,3731.739130434782,True,0.0016863,0.016158,
2408,11.5,700000.0,ayashii,9.5678,0.00115,-2.3474,8319.826086956522,True,0.0016863,0.016158,
2408,12.0,700000.0,ayashii,10.3102,0.00112,-2.5489,9205.535714285716,True,0.0016863,0.013566,
2408,12.5,700000.0,,1.9282,0.00997,-0.1151,193.4002006018054,True,0.0016863,0.016158,0.91976
2408,13.0,700000.0,ayashii,12.0589,0.00108,-2.9888,11165.648148148148,True,0.0016863,0.016158,0.80563
2409,6.0,700000.0,,0.927,0.00887,-0.0555,104.50958286358514,True,0.026028,0.055714,
2409,6.5,700000.0,,0.9744,0.00939,-0.0535,103.76996805111821,True,0.01476,0.044122,
2409,7.0,700000.0,,1.0263,0.0098,-0.0524,104.72448979591837,True,0.010924,0.034141,
2409,7.5,700000.0,,1.0808,0.01027,-0.0517,105.23855890944499,True,0.0078987,0.02985,
2409,8.0,700000.0,,1.1452,0.01051,-0.0531,108.9628924833492,True,0.0066291,0.026028,
2409,8.5,700000.0,,1.2028,0.01076,-0.0527,111.78438661710038,True,0.0054979,0.022651,
2409,9.0,700000.0,,1.2645,0.01099,-0.053,115.05914467697907,True,0.0044915,0.019678,
2409,9.5,700000.0,,1.3299,0.01124,-0.0544,118.3185053380783,True,0.0044915,0.019678,
2409,10.0,700000.0,,1.3875,0.01191,-0.0556,116.49874055415616,True,0.0035979,0.019678,
2409,10.5,700000.0,,1.4506,0.0121,-0.0566,119.88429752066115,True,0.0035979,0.019678,
2409,11.0,700000.0,,1.5127,0.01244,-0.058,121.59967845659163,True,0.0028102,0.017063,
2409,11.5,700000.0,ayashii,7.567,0.00123,-1.8327,6152.032520325203,True,0.0028102,0.017063,
2409,12.0,700000.0,ayashii,7.6337,0.00129,-1.8328,5917.596899224806,True,0.0028102,0.017063,0.99205
2409,12.5,700000.0,,1.756,0.0106,-0.0764,165.66037735849056,True,0.0028102,0.017063,0.95042
2409,13.0,700000.0,,1.8033,0.01589,-0.0847,113.48646947765889,True,0.0028102,0.01476,0.91148
2409,13.5,700000.0,ayashii,9.647,0.00116,-2.3562,8316.379310344828,True,0.0021258,0.01476,0.85662
2409,14.0,700000.0,,2.0788,0.01401,-0.1477,148.37972876516776,True,0.0021258,0.01476,0.78591
2409,14.5,700000.0,,2.2158,0.01612,-0.1716,137.45657568238215,True,0.0021258,0.01476,0.70718
2409,15.0,700000.0,ayashii,13.3235,0.00093,-3.3589,14326.344086021503,True,0.0021258,0.017063,0.62046
2409,15.5,700000.0,ayashii,13.2347,0.00099,-3.3198,13368.38383838384,True,0.0021258,0.017063,0.52582
2410,6.0,700000.0,,0.9402,0.00781,-0.0576,120.38412291933419,True,,,
2410,6.5,700000.0,,0.9881,0.00837,-0.0563,118.05256869772998,True,0.036699,0.062372,
2410,7.0,700000.0,,1.0529,0.0085,-0.0578,123.87058823529411,True,0.020498,0.056501,
2410,7.5,700000.0,,1.1011,0.00897,-0.0561,122.75362318840578,True,0.016054,0.04105,
2410,8.0,700000.0,,1.1527,0.00931,-0.0553,123.81310418904404,True,0.012421,0.036699,
2410,8.5,700000.0,,1.2054,0.0097,-0.0547,124.26804123711341,True,0.00943,0.03275,
2410,9.0,700000.0,,1.2666,0.00994,-0.056,127.42454728370222,True,0.0081356,0.029185,
2410,9.5,700000.0,,1.3328,0.01005,-0.0577,132.61691542288557,True,0.0069592,0.025977,
2410,10.0,700000.0,,1.4445,0.00909,-0.068,158.91089108910887,True,0.0058917,0.023092,
2410,10.5,700000.0,,1.4548,0.01062,-0.0608,136.9868173258004,True,0.0049252,0.023092,
2410,11.0,700000.0,,1.5175,0.01087,-0.0626,139.60441582336708,True,0.0049252,0.020498,
2410,11.5,700000.0,,1.5807,0.01119,-0.0649,141.26005361930294,True,0.0049252,0.020498,0.99699
2410,12.0,700000.0,,1.6489,0.01148,-0.0689,143.63240418118465,True,0.004053,0.020498,0.9659
2410,12.5,700000.0,,1.7118,0.01159,-0.0725,147.6962899050906,True,0.004053,0.018162,0.93474
2410,13.0,700000.0,,1.7793,0.01183,-0.0777,150.4057480980558,True,0.0032694,0.018162,0.88634
2410,13.5,700000.0,,1.8495,0.01241,-0.0876,149.03303787268334,True,0.0032694,0.018162,0.8458
2410,14.0,700000.0,,1.9455,0.01369,-0.1077,142.11102994886778,True,0.0032694,0.018162,0.79704
2410,14.5,700000.0,,1.9936,0.01229,-0.1052,162.21318144833197,True,0.0032694,0.016054,0.7482
2410,15.0,700000.0,,2.0729,0.01154,-0.1161,179.62738301559793,True,0.0032694,0.016054,0.6993
2410,15.5,700000.0,ayashii,2.3074,0.00803,-0.1638,287.3474470734744,True,0.0032694,0.016054,0.63404
2411,6.0,700000.0,,0.9632,0.00592,-0.061,162.7027027027027,True,,,
2411,6.5,700000.0,,0.9995,0.00754,-0.0588,132.55968169761275,True,,,
2411,7.0,700000.0,,1.0569,0.00781,-0.0588,135.32650448143406,True,,,
2411,7.5,700000.0,,1.1133,0.0084,-0.059,132.53571428571428,True,0.029602,0.063719,
2411,8.0,700000.0,,1.1858,0.00796,-0.0628,148.96984924623115,True,0.021777,0.053107,
2411,8.5,700000.0,,1.235,0.00847,-0.0616,145.80873671782763,True,0.017594,0.043913,
2411,9.0,700000.0,,1.2907,0.00874,-0.061,147.67734553775745,True,0.012501,0.039849,
2411,9.5,700000.0,,1.3389,0.00899,-0.0598,148.9321468298109,True,0.011063,0.036123,
2411,10.0,700000.0,,1.3984,0.00917,-0.0611,152.4972737186478,True,0.0097377,0.029602,
2411,10.5,700000.0,,1.461,0.00936,-0.0638,156.0897435897436,True,0.0085159,0.029602,
2411,11.0,700000.0,,1.5235,0.0096,-0.0664,158.69791666666669,True,0.0085159,0.026757,
2411,11.5,700000.0,,1.5905,0.00988,-0.0699,160.98178137651823,True,0.0073906,0.024157,0.98613
2411,12.0,700000.0,,1.6502,0.01007,-0.0723,163.87288977159878,True,0.0063565,0.024157,0.95839
2411,12.5,700000.0,,1.7154,0.01015,-0.0756,169.0049261083744,True,0.0054086,0.021777,0.91795
2411,13.0,700000.0,,1.7813,0.01029,-0.0797,173.1098153547133,True,0.0054086,0.021777,0.88456
2411,13.5,700000.0,,1.8482,0.01084,-0.0864,170.49815498154982,True,0.0054086,0.021777,0.84259
2411,14.0,700000.0,,1.9142,0.01071,-0.0918,178.7301587301587,True,0.0045429,0.019596,0.79208
2411,14.5,700000.0,,1.9912,0.01074,-0.1006,185.4003724394786,True,0.0045429,0.019596,0.74147
2411,15.0,700000.0,,2.0648,0.01091,-0.1098,189.25756186984418,True,0.0045429,0.019596,0.6908
2411,15.5,700000.0,,2.142,0.0111,-0.1214,192.97297297297297,True,0.0045429,0.019596,0.64009
2412,6.0,700000.0,,0.9747,0.0051,-0.0622,191.1176470588235,True,,,
2412,6.5,700000.0,,0.998,0.00699,-0.0575,142.77539341917026,True,,,
2412,7.0,700000.0,,1.0725,0.00677,-0.0612,158.4194977843427,True,,,
2412,7.5,700000.0,,1.1139,0.00751,-0.059,148.32223701731024,True,,,
2412,8.0,700000.0,,1.1712,0.00772,-0.0594,151.7098445595855,True,0.040037,0.071695,
2412,8.5,700000.0,,1.2296,0.0079,-0.0601,155.64556962025316,True,0.030778,0.061067,
2412,9.0,700000.0,,1.3022,0.00782,-0.0647,166.52173913043478,True,0.023438,0.051723,
2412,9.5,700000.0,,1.3501,0.00818,-0.063,165.04889975550122,True,0.019385,0.047529,
2412,10.0,700000.0,,1.4199,0.00824,-0.0671,172.31796116504853,True,0.01588,0.043639,
2412,10.5,700000.0,,1.4732,0.00845,-0.0668,174.3431952662722,True,0.014306,0.036706,
2412,11.0,700000.0,,1.5385,0.00848,-0.0698,181.42688679245285,True,0.011474,0.033626,0.9916
2412,11.5,700000.0,,1.6045,0.00865,-0.0735,185.4913294797688,True,0.010201,0.033626,0.97291
2412,12.0,700000.0,,1.6668,0.00889,-0.0769,187.49156355455568,True,0.010201,0.030778,0.94223
2412,12.5,700000.0,,1.7313,0.00884,-0.0802,195.84841628959276,True,0.0090172,0.028142,0.91707
2412,13.0,700000.0,,1.7865,0.00919,-0.0827,194.39608269858542,True,0.0079165,0.028142,0.87397
2412,13.5,700000.0,,1.8531,0.00938,-0.0883,197.5586353944563,True,0.0068954,0.025701,0.83917
2412,14.0,700000.0,,1.9224,0.00936,-0.0939,205.3846153846154,True,0.0068954,0.025701,0.79554
2412,14.5,700000.0,,1.9917,0.00954,-0.1014,208.77358490566039,True,0.0068954,0.023438,0.75182
2412,15.0,700000.0,,2.0615,0.00977,-0.109,211.0030706243603,True,0.0068954,0.023438,0.69928
2412,15.5,700000.0,ayashii,2.1605,0.00881,-0.121,245.2326901248581,True,0.0059508,0.023438,0.6467
2413,6.0,700000.0,,0.9817,0.00468,-0.0629,209.76495726495727,True,,,
2413,6.5,700000.0,,1.0207,0.00572,-0.0603,178.44405594405592,True,,,
2413,7.0,700000.0,,1.0856,0.00592,-0.0626,183.37837837837836,True,,,
2413,7.5,700000.0,,1.1226,0.00677,-0.0611,165.81979320531758,True,,,
2413,8.0,700000.0,,1.1863,0.0069,-0.0629,171.92753623188403,True,,,
2413,8.5,700000.0,,1.2498,0.00694,-0.0656,180.0864553314121,True,0.05188,0.080615,
2413,9.0,700000.0,,1.2948,0.00741,-0.0627,174.73684210526315,True,0.041209,0.075096,
2413,9.5,700000.0,,1.3604,0.00738,-0.0655,184.3360433604336,True,0.032529,0.064937,
2413,10.0,700000.0,,1.43,0.00745,-0.0699,191.9463087248322,True,0.02544,0.05595,
2413,10.5,700000.0,,1.48,0.00774,-0.0694,191.2144702842377,True,0.023371,0.05188,0.9967
2413,11.0,700000.0,,1.5537,0.00776,-0.0744,200.21907216494844,True,0.0179,0.048076,0.97926
2413,11.5,700000.0,,1.6115,0.0079,-0.0767,203.98734177215186,True,0.016295,0.041209,0.95774
2413,12.0,700000.0,,1.676,0.00789,-0.0794,212.42078580481623,True,0.014788,0.038115,0.93326
2413,12.5,700000.0,,1.7405,0.00794,-0.083,219.20654911838793,True,0.013372,0.038115,0.89839
2413,13.0,700000.0,,1.8116,0.00803,-0.0893,225.60398505603985,True,0.012042,0.035227,0.87159
2413,13.5,700000.0,,1.876,0.00805,-0.0929,233.04347826086956,True,0.010795,0.032529,0.83556
2413,14.0,700000.0,,1.9404,0.00819,-0.0977,236.92307692307693,True,0.010795,0.030007,0.79031
2413,14.5,700000.0,ayashii,2.0082,0.00828,-0.1042,242.536231884058,True,0.0096252,0.030007,0.74494
2413,15.0,700000.0,ayashii,2.0753,0.00832,-0.1101,249.43509615384616,True,0.0085307,0.027648,0.69951
2413,15.5,700000.0,ayashii,2.149,0.00854,-0.1199,251.63934426229505,True,0.0085307,0.027648,0.65405
2508,6.0,700000.0,,0.9302,0.01,-0.0604,93.02,True,0.0076749,0.031386,
2508,6.5,700000.0,,0.9893,0.01021,-0.0599,96.89520078354553,True,0.0050346,0.026699,
2508,7.0,700000.0,,1.0496,0.01053,-0.0597,99.67711301044636,True,0.0050346,0.022588,
2508,7.5,700000.0,,1.1087,0.01132,-0.0598,97.9416961130742,True,0.0030497,0.01904,
2508,8.0,700000.0,,1.1698,0.01166,-0.0595,100.32590051457976,True,0.0039707,0.01904,
2508,8.5,700000.0,,1.2313,0.012,-0.0592,102.60833333333333,True,0.0030497,0.01904,
2508,9.0,700000.0,,1.2945,0.01227,-0.0591,105.50122249388754,True,0.0030497,0.01904,
2508,9.5,700000.0,,1.3536,0.01221,-0.0588,110.85995085995084,True,0.0030497,0.01904,
2508,10.0,700000.0,ayashii,7.4651,0.00127,-1.803,5878.031496062991,True,0.0022624,0.016006,
2508,10.5,700000.0,,1.476,0.01342,-0.0587,109.98509687034277,True,0.0022624,0.016006,
2508,11.0,700000.0,,1.59,0.0118,-0.0685,134.74576271186442,True,0.0016016,0.01904,
2508,11.5,700000.0,ayashii,9.754,0.00118,-2.387,8266.101694915253,True,0.0016016,0.016006,
2508,12.0,700000.0,ayashii,10.6056,0.00115,-2.6226,9222.260869565218,True,0.0016016,0.013418,1.0
2508,12.5,700000.0,,2.038,0.01008,-0.1357,202.18253968253967,True,0.0016016,0.016006,0.90485
2508,13.0,700000.0,ayashii,12.4617,0.00109,-3.0908,11432.752293577982,True,0.0016016,0.016006,0.77592
2508,13.5,700000.0,,2.1942,0.01632,-0.159,134.4485294117647,True,0.0016016,0.016006,0.63124
2508,14.0,700000.0,ayashii,2.5053,0.0093,-0.1981,269.3870967741936,True,,,0.00032524
2509,6.0,700000.0,,0.9501,0.00853,-0.0644,111.38335287221571,True,0.016952,0.049872,
2509,6.5,700000.0,,0.9954,0.00914,-0.062,108.90590809628007,True,0.012609,0.038928,
2509,7.0,700000.0,,1.0514,0.0097,-0.0621,108.39175257731958,True,0.0092061,0.029797,
2509,7.5,700000.0,,1.1088,0.01001,-0.0616,110.76923076923077,True,0.0065149,0.025952,
2509,8.0,700000.0,,1.1799,0.01041,-0.0646,113.342939481268,True,0.0053868,0.025952,
2509,8.5,700000.0,,1.23,0.01067,-0.0624,115.27647610121836,True,0.0053868,0.022558,
2509,9.0,700000.0,,1.295,0.01095,-0.0633,118.2648401826484,True,0.0043841,0.019574,
2509,9.5,700000.0,,1.3556,0.01134,-0.0637,119.54144620811287,True,0.0043841,0.019574,
2509,10.0,700000.0,,1.4153,0.01194,-0.0645,118.53433835845897,True,0.0034947,0.019574,
2509,10.5,700000.0,,1.4782,0.01241,-0.066,119.11361804995971,True,0.0034947,0.019574,
2509,11.0,700000.0,,1.538,0.01273,-0.0671,120.81696779261587,True,0.0034947,0.016952,
2509,11.5,700000.0,,1.5978,0.01291,-0.0683,123.76452362509684,True,0.0027135,0.016952,1.0
2509,12.0,700000.0,,1.6511,0.01236,-0.0683,133.584142394822,True,0.0027135,0.016952,0.99706
2509,12.5,700000.0,,1.7476,0.0119,-0.0807,146.85714285714286,True,0.0027135,0.016952,0.96563
2509,13.0,700000.0,,1.8593,0.01776,-0.1147,104.6903153153153,True,0.0027135,0.014645,0.92732
2509,13.5,700000.0,ayashii,10.9335,0.00106,-2.7154,10314.622641509435,True,0.0027135,0.014645,0.87283
2509,14.0,700000.0,ayashii,10.5355,0.0011,-2.5832,9577.727272727272,True,0.0020377,0.014645,0.79469
2509,14.5,700000.0,,2.2686,0.01583,-0.1771,143.31017056222365,True,0.0020377,0.016952,0.70847
2509,15.0,700000.0,,2.4432,0.01839,-0.2132,132.8548123980424,True,0.0020377,0.016952,0.60638
2509,15.5,700000.0,ayashii,13.7676,0.00098,-3.4617,14048.57142857143,True,0.0020377,0.016952,0.49639
2510,6.0,700000.0,,0.9692,0.0074,-0.0685,130.97297297297297,True,0.046159,0.062969,
2510,6.5,700000.0,,1.0063,0.00833,-0.065,120.80432172869146,True,0.02605,0.057012,
2510,7.0,700000.0,,1.0597,0.00869,-0.0642,121.94476409666284,True,0.016032,0.046159,
2510,7.5,700000.0,,1.112,0.00904,-0.0631,123.00884955752214,True,0.012374,0.036913,
2510,8.0,700000.0,,1.1763,0.00917,-0.0646,128.27699018538712,True,0.010797,0.032909,
2510,8.5,700000.0,,1.2356,0.00957,-0.0656,129.1118077324974,True,0.0093668,0.029297,
2510,9.0,700000.0,,1.296,0.00978,-0.0664,132.51533742331287,True,0.0068867,0.02605,
2510,9.5,700000.0,,1.3575,0.01006,-0.0672,134.9403578528827,True,0.0058168,0.023134,
2510,10.0,700000.0,,1.4187,0.01045,-0.0683,135.76076555023926,True,0.0058168,0.023134,
2510,10.5,700000.0,,1.4793,0.01069,-0.0697,138.3816651075772,True,0.0048494,0.020514,
2510,11.0,700000.0,,1.5457,0.01097,-0.0724,140.90246125797628,True,0.0048494,0.020514,
2510,11.5,700000.0,,1.6077,0.01138,-0.0744,141.27416520210897,True,0.0039773,0.020514,0.99195
2510,12.0,700000.0,,1.6702,0.01185,-0.0772,140.9451476793249,True,0.0039773,0.018157,0.96594
2510,12.5,700000.0,,1.7283,0.0115,-0.0787,150.28695652173914,True,0.0039773,0.018157,0.94288
2510,13.0,700000.0,,1.8006,0.01207,-0.0849,149.17978458989228,True,0.0039773,0.018157,0.90298
2510,13.5,700000.0,,1.8723,0.01215,-0.0917,154.0987654320988,True,0.0031953,0.018157,0.86276
2510,14.0,700000.0,,1.9408,0.01229,-0.1008,157.91700569568755,True,0.0031953,0.016032,0.82243
2510,14.5,700000.0,ayashii,2.1017,0.0083,-0.1258,253.21686746987953,True,0.0031953,0.016032,0.78203
2510,15.0,700000.0,,2.2366,0.01746,-0.1866,128.09851088201606,True,0.0031953,0.016032,0.73346
2510,15.5,700000.0,,2.3961,0.01765,-0.214,135.75637393767707,True,0.0031953,0.016032,0.66048
2510,16.0,700000.0,ayashii,2.5703,0.01949,-0.2534,131.87788609543355,True,0.0025027,0.016032,0.59555
2511,6.0,700000.0,,0.9592,0.00735,-0.0674,130.50340136054422,True,,,
2511,6.5,700000.0,,1.0168,0.00747,-0.0675,136.11780455153948,True,,,
2511,7.0,700000.0,,1.0741,0.00786,-0.0674,136.65394402035622,True,0.032964,0.070367,
2511,7.5,700000.0,,1.122,0.00823,-0.0656,136.3304981773998,True,0.024294,0.053681,
2511,8.0,700000.0,,1.1761,0.00852,-0.0652,138.03990610328637,True,0.017659,0.048824,
2511,8.5,700000.0,,1.2408,0.00861,-0.067,144.1114982578397,True,0.014093,0.040205,
2511,9.0,700000.0,,1.3021,0.00878,-0.0682,148.30296127562644,True,0.012519,0.036422,
2511,9.5,700000.0,,1.386,0.00864,-0.0747,160.41666666666666,True,0.01107,0.032964,
2511,10.0,700000.0,,1.4523,0.00877,-0.0773,165.59863169897378,True,0.0097338,0.029808,
2511,10.5,700000.0,,1.4893,0.00938,-0.0738,158.77398720682305,True,0.0085031,0.026926,
2511,11.0,700000.0,,1.55,0.00959,-0.0757,161.62669447340983,True,0.0073705,0.026926,0.9969
2511,11.5,700000.0,,1.6127,0.00991,-0.078,162.7346115035318,True,0.0063304,0.024294,0.9799
2511,12.0,700000.0,,1.6732,0.01013,-0.0804,165.17275419545902,True,0.0063304,0.021886,0.95073
2511,12.5,700000.0,,1.7435,0.01013,-0.0844,172.11253701875617,True,0.0053778,0.021886,0.92656
2511,13.0,700000.0,,1.8077,0.01029,-0.0878,175.6754130223518,True,0.0053778,0.021886,0.89355
2511,13.5,700000.0,,1.8727,0.01056,-0.0927,177.33901515151516,True,0.0045087,0.019681,0.85196
2511,14.0,700000.0,,1.9623,0.00958,-0.102,204.83298538622128,True,0.0045087,0.019681,0.81858
2511,14.5,700000.0,,2.0081,0.01098,-0.1068,182.88706739526413,True,0.0045087,0.019681,0.7684
2511,15.0,700000.0,,2.0827,0.0112,-0.1168,185.95535714285714,True,0.0045087,0.019681,0.7265
2511,15.5,700000.0,,2.1611,0.01141,-0.1293,189.4040315512708,True,0.0045087,0.017659,0.67616
2511,16.0,700000.0,,2.2468,0.01154,-0.1457,194.69670710571924,True,0.0037188,0.017659,0.63418
2512,6.0,700000.0,,0.9584,0.00668,-0.0662,143.47305389221557,True,,,
2512,6.5,700000.0,,1.0178,0.007,-0.0678,145.4,True,,,
2512,7.0,700000.0,,1.0786,0.0072,-0.0686,149.80555555555557,True,,,
2512,7.5,700000.0,,1.1486,0.00709,-0.0718,162.0028208744711,True,0.044223,0.078756,
2512,8.0,700000.0,,1.1917,0.00769,-0.0688,154.96749024707412,True,0.031124,0.067278,
2512,8.5,700000.0,,1.2475,0.00793,-0.0688,157.3139974779319,True,0.023667,0.057079,
2512,9.0,700000.0,,1.3103,0.008,-0.0705,163.7875,True,0.019557,0.048192,
2512,9.5,700000.0,,1.373,0.00817,-0.0726,168.05385556915544,True,0.017718,0.044223,
2512,10.0,700000.0,,1.4333,0.00828,-0.0742,173.10386473429955,True,0.014413,0.040551,
2512,10.5,700000.0,,1.4955,0.00849,-0.0764,176.14840989399295,True,0.012929,0.037157,1.0
2512,11.0,700000.0,,1.5572,0.00857,-0.0779,181.70361726954494,True,0.011548,0.034022,0.98591
2512,11.5,700000.0,,1.6194,0.0087,-0.0805,186.13793103448276,True,0.010261,0.031124,0.96585
2512,12.0,700000.0,,1.6814,0.0089,-0.0835,188.92134831460675,True,0.0090647,0.028445,0.94252
2512,12.5,700000.0,,1.7472,0.0091,-0.0876,192.0,True,0.0079529,0.028445,0.9176
2512,13.0,700000.0,,1.8127,0.00914,-0.0914,198.32603938730853,True,0.0079529,0.025965,0.8835
2512,13.5,700000.0,,1.8773,0.00944,-0.0959,198.8665254237288,True,0.0079529,0.025965,0.84909
2512,14.0,700000.0,,1.9399,0.00949,-0.0998,204.41517386722865,True,0.0069221,0.023667,0.81455
2512,14.5,700000.0,,2.0093,0.00956,-0.1061,210.17782426778243,True,0.0069221,0.023667,0.77127
2512,15.0,700000.0,ayashii,2.1211,0.00853,-0.1215,248.66354044548655,True,0.0059693,0.023667,0.7279
2512,15.5,700000.0,,2.148,0.00974,-0.1213,220.53388090349077,True,0.0059693,0.021536,0.68447
2512,16.0,700000.0,,2.2233,0.00987,-0.1315,225.25835866261397,True,0.0059693,0.021536,0.64101
2513,6.0,700000.0,,1.006,0.00466,-0.0739,215.87982832618025,True,,,
2513,6.5,700000.0,,1.019,0.0065,-0.0668,156.76923076923077,True,,,
2513,7.0,700000.0,,1.1096,0.00593,-0.0743,187.1163575042158,True,,,
2513,7.5,700000.0,,1.1558,0.0065,-0.0736,177.8153846153846,True,,,
2513,8.0,700000.0,,1.201,0.00696,-0.071,172.55747126436782,True,0.056829,0.082021,
2513,8.5,700000.0,,1.2547,0.00728,-0.0708,172.34890109890108,True,0.038644,0.076384,
2513,9.0,700000.0,,1.3141,0.00741,-0.0719,177.34143049932524,True,0.03296,0.066007,
2513,9.5,700000.0,,1.4061,0.00711,-0.0807,197.76371308016877,True,0.025758,0.06127,
2513,10.0,700000.0,,1.465,0.00732,-0.0819,200.13661202185793,True,0.023657,0.052675,0.9967
2513,10.5,700000.0,,1.5093,0.00756,-0.0794,199.64285714285717,True,0.019842,0.048794,0.98559
2513,11.0,700000.0,,1.5718,0.00778,-0.0829,202.03084832904887,True,0.018109,0.045172,0.96546
2513,11.5,700000.0,,1.6359,0.00776,-0.0852,210.81185567010306,True,0.014955,0.041794,0.9501
2513,12.0,700000.0,,1.7018,0.00803,-0.0887,211.9302615193026,True,0.01352,0.038644,0.92521
2513,12.5,700000.0,,1.7663,0.00798,-0.0922,221.34085213032583,True,0.012174,0.035704,0.8992
2513,13.0,700000.0,,1.8303,0.00801,-0.0956,228.50187265917603,True,0.012174,0.03296,0.8727
2513,13.5,700000.0,,1.8948,0.00823,-0.1001,230.23086269744837,True,0.010911,0.030397,0.83707
2513,14.0,700000.0,ayashii,1.9639,0.00812,-0.105,241.85960591133002,True,0.0097272,0.030397,0.81024
2513,14.5,700000.0,ayashii,2.0266,0.00838,-0.1099,241.83770883054893,True,0.0097272,0.028,0.77437
2513,15.0,700000.0,ayashii,2.0859,0.00859,-0.1152,242.8288707799767,True,0.0086196,0.028,0.72944
2513,15.5,700000.0,ayashii,2.1475,0.00874,-0.1206,245.70938215102976,True,0.0086196,0.025758,0.68445
2513,16.0,700000.0,ayashii,2.2226,0.00874,-0.1299,254.30205949656752,True,0.0086196,0.025758,0.64843
2608,6.0,700000.0,,0.9637,0.00979,-0.0715,98.43718079673135,True,0.0061107,0.026414,
2608,6.5,700000.0,,1.0257,0.01011,-0.0715,101.45400593471811,True,0.0048971,0.022317,
2608,7.0,700000.0,,1.0856,0.01045,-0.071,103.88516746411483,True,0.0048971,0.022317,
2608,7.5,700000.0,,1.1447,0.01098,-0.0707,104.25318761384335,True,0.0038438,0.022317,
2608,8.0,700000.0,,1.2035,0.01189,-0.0704,101.21951219512195,True,0.0038438,0.018788,
2608,8.5,700000.0,,1.2641,0.01223,-0.07,103.36058871627147,True,0.0029339,0.018788,
2608,9.0,700000.0,,1.3249,0.01245,-0.0694,106.41767068273093,True,0.0029339,0.018788,
2608,9.5,700000.0,,1.384,0.01227,-0.0688,112.79543602281989,True,0.0029339,0.018788,
2608,10.0,700000.0,ayashii,7.7729,0.00128,-1.8816,6072.578124999999,True,0.0061107,0.031094,0.6633
2608,10.5,700000.0,,1.5184,0.01984,-0.0738,76.53225806451613,True,0.0021592,0.018788,
2608,11.0,700000.0,,1.6532,0.01141,-0.083,144.89044697633653,True,0.0015127,0.018788,
2608,11.5,700000.0,ayashii,10.1752,0.00117,-2.4968,8696.752136752137,True,0.0015127,0.015775,
2608,12.0,700000.0,ayashii,1.8763,0.02261,-0.1284,82.98540468819107,True,,,0.0029339
2609,6.0,700000.0,,0.9679,0.0089,-0.0736,108.75280898876404,True,0.014389,0.043835,
2609,6.5,700000.0,,1.0462,0.00897,-0.0778,116.63322185061315,True,0.010583,0.033761,
2609,7.0,700000.0,,1.0858,0.00949,-0.0736,114.41517386722867,True,0.0075867,0.029448,
2609,7.5,700000.0,,1.1463,0.00981,-0.0736,116.8501529051988,True,0.0063318,0.025619,
2609,8.0,700000.0,,1.2061,0.01034,-0.0738,116.64410058027079,True,0.0052162,0.022243,
2609,8.5,700000.0,,1.2661,0.01066,-0.0741,118.77110694183865,True,0.0042252,0.022243,
2609,9.0,700000.0,,1.3267,0.01108,-0.0743,119.73826714801444,True,0.0042252,0.01928,
2609,9.5,700000.0,,1.3876,0.01154,-0.0745,120.24263431542461,True,0.0042252,0.01928,
2609,10.0,700000.0,,1.451,0.01193,-0.0753,121.62615255658007,True,0.0033479,0.01928,
2609,10.5,700000.0,,1.5243,0.01514,-0.0798,100.68031704095112,True,0.0033479,0.01928,
2609,11.0,700000.0,,1.573,0.01331,-0.0772,118.18181818181817,True,0.0033479,0.016678,
2609,11.5,700000.0,,1.6276,0.01309,-0.0786,124.33919022154316,True,0.0033479,0.016678,
2609,12.0,700000.0,,1.7128,0.0116,-0.0849,147.6551724137931,True,0.0025802,0.016678,1.0
2609,12.5,700000.0,ayashii,1.8084,0.0153,-0.1116,118.19607843137256,True,,,0.0042252
2610,6.0,700000.0,,0.9865,0.00767,-0.077,128.61799217731422,True,0.028904,0.068849,
2610,6.5,700000.0,,1.0387,0.00829,-0.0766,125.29553679131483,True,0.020178,0.050962,
2610,7.0,700000.0,,1.1077,0.00849,-0.079,130.4711425206125,True,0.013827,0.040892,
2610,7.5,700000.0,,1.1498,0.00885,-0.0758,129.92090395480224,True,0.012104,0.036487,
2610,8.0,700000.0,,1.2135,0.00914,-0.0774,132.76805251641136,True,0.0091241,0.032497,
2610,8.5,700000.0,,1.2737,0.00947,-0.0778,134.4984160506864,True,0.0078371,0.028904,
2610,9.0,700000.0,,1.3326,0.00982,-0.0786,135.70264765784114,True,0.0066697,0.025676,
2610,9.5,700000.0,,1.3938,0.01013,-0.0791,137.59131293188548,True,0.0056125,0.022779,
2610,10.0,700000.0,,1.4545,0.01052,-0.0798,138.26045627376425,True,0.0056125,0.022779,
2610,10.5,700000.0,,1.515,0.01107,-0.0808,136.85636856368563,True,0.004658,0.020178,
2610,11.0,700000.0,,1.5758,0.01111,-0.0819,141.83618361836184,True,0.004658,0.020178,
2610,11.5,700000.0,,1.6379,0.01135,-0.0836,144.30837004405285,True,0.004658,0.020178,0.99699
2610,12.0,700000.0,,1.7615,0.00949,-0.0971,185.6164383561644,True,0.0037985,0.020178,0.97323
2610,12.5,700000.0,,1.7612,0.01175,-0.0889,149.88936170212767,True,0.0037985,0.017839,0.95094
2610,13.0,700000.0,,1.8286,0.01228,-0.0939,148.90879478827364,True,0.0037985,0.017839,0.91952
2610,13.5,700000.0,,1.8963,0.01241,-0.0998,152.8041901692184,True,0.0037985,0.017839,0.88768
2610,14.0,700000.0,,1.9577,0.01174,-0.1038,166.75468483816013,True,0.0030306,0.017839,0.84773
2610,14.5,700000.0,,2.1311,0.00954,-0.1408,223.38574423480085,True,0.0030306,0.015731,0.80766
2610,15.0,700000.0,ayashii,10.4027,0.00104,-2.5545,10002.596153846154,True,0.0030306,0.015731,0.75946
2610,15.5,700000.0,,2.4524,0.01673,-0.2213,146.58696951583983,True,0.0030306,0.015731,0.69503
2610,16.0,700000.0,ayashii,2.6266,0.01881,-0.2604,139.63849016480594,True,0.0030306,0.015731,0.6143
2611,6.0,700000.0,,1.0001,0.00687,-0.0802,145.5749636098981,True,,,
2611,6.5,700000.0,,1.04,0.00761,-0.0771,136.6622864651774,True,0.043846,0.07613,
2611,7.0,700000.0,,1.0971,0.00785,-0.0772,139.7579617834395,True,0.026516,0.063994,
2611,7.5,700000.0,,1.1772,0.0078,-0.0827,150.92307692307693,True,0.019322,0.053185,
2611,8.0,700000.0,,1.2349,0.00807,-0.0828,153.02354399008675,True,0.015473,0.043846,
2611,8.5,700000.0,,1.2787,0.00845,-0.0795,151.32544378698225,True,0.013778,0.039728,
2611,9.0,700000.0,,1.3393,0.00864,-0.0804,155.01157407407408,True,0.012218,0.03596,
2611,9.5,700000.0,,1.3992,0.00889,-0.0816,157.39032620922384,True,0.0094589,0.032519,
2611,10.0,700000.0,,1.4582,0.00932,-0.0833,156.45922746781116,True,0.0082408,0.02938,
2611,10.5,700000.0,,1.5256,0.00949,-0.0861,160.7586933614331,True,0.0082408,0.026516,
2611,11.0,700000.0,,1.5862,0.00964,-0.087,164.5435684647303,True,0.007121,0.023901,0.9969
2611,11.5,700000.0,,1.648,0.00983,-0.0885,167.6500508646999,True,0.0060938,0.023901,0.97994
2611,12.0,700000.0,,1.7094,0.01021,-0.0907,167.42409402546522,True,0.0060938,0.023901,0.95866
2611,12.5,700000.0,,1.7707,0.01037,-0.0934,170.75216972034713,True,0.0051547,0.021511,0.93511
2611,13.0,700000.0,,1.8347,0.01056,-0.0965,173.7405303030303,True,0.0051547,0.021511,0.90256
2611,13.5,700000.0,,1.9001,0.01075,-0.1007,176.75348837209302,True,0.0042992,0.021511,0.87789
2611,14.0,700000.0,,1.9708,0.01096,-0.1073,179.8175182481752,True,0.0042992,0.019322,0.84488
2611,14.5,700000.0,,2.0405,0.01144,-0.1174,178.3653846153846,True,0.0042992,0.019322,0.80349
2611,15.0,700000.0,,2.1062,0.01118,-0.1233,188.3899821109123,True,0.0042992,0.019322,0.76199
2611,15.5,700000.0,,2.1914,0.01171,-0.1407,187.1391972672929,True,0.0042992,0.019322,0.71207
2611,16.0,700000.0,,2.2889,0.01187,-0.1619,192.8306655433867,True,0.0042992,0.017316,0.66207
2611,16.5,700000.0,,2.4157,0.01181,-0.1914,204.54699407281967,True,0.0035234,0.017316,0.60356
2612,6.0,700000.0,,0.9931,0.00665,-0.0799,149.33834586466165,True,,,
2612,6.5,700000.0,,1.0514,0.0069,-0.0799,152.37681159420288,True,,,
2612,7.0,700000.0,,1.1113,0.00715,-0.0806,155.4265734265734,True,0.0566,0.078354,
2612,7.5,700000.0,,1.1605,0.00746,-0.0789,155.56300268096516,True,0.036701,0.072432,
2612,8.0,700000.0,,1.2297,0.0075,-0.0819,163.96,True,0.028025,0.061545,
2612,8.5,700000.0,,1.2986,0.00759,-0.0851,171.09354413702238,True,0.021155,0.051992,
2612,9.0,700000.0,,1.371,0.00761,-0.0886,180.1576872536137,True,0.019188,0.047712,
2612,9.5,700000.0,,1.4256,0.0079,-0.0886,180.4556962025316,True,0.015662,0.040084,
2612,10.0,700000.0,,1.4788,0.00799,-0.0873,185.08135168961198,True,0.01408,0.036701,
2612,10.5,700000.0,,1.532,0.00837,-0.088,183.03464755077658,True,0.012608,0.033577,0.99681
2612,11.0,700000.0,,1.592,0.00868,-0.0899,183.41013824884794,True,0.011238,0.033577,0.97974
2612,11.5,700000.0,,1.7171,0.00737,-0.1034,232.9850746268657,True,0.0099632,0.030692,0.96598
2612,12.0,700000.0,,1.7153,0.00891,-0.094,192.51402918069587,True,0.0087784,0.028025,0.94287
2612,12.5,700000.0,,1.7771,0.00939,-0.0972,189.25452609158677,True,0.0087784,0.025558,0.92653
2612,13.0,700000.0,,1.8462,0.00918,-0.1009,201.11111111111111,True,0.0076786,0.025558,0.90144
2612,13.5,700000.0,,1.9091,0.00943,-0.105,202.44962884411456,True,0.0076786,0.025558,0.86753
2612,14.0,700000.0,,1.9686,0.00956,-0.1078,205.92050209205019,True,0.0066605,0.023273,0.83341
2612,14.5,700000.0,,2.0378,0.00965,-0.1138,211.17098445595852,True,0.0066605,0.023273,0.79918
2612,15.0,700000.0,,2.1057,0.00977,-0.1202,215.52712384851588,True,0.0057207,0.023273,0.75628
2612,15.5,700000.0,,2.177,0.01012,-0.1302,215.1185770750988,True,0.0057207,0.021155,0.71328
2612,16.0,700000.0,,2.2451,0.01005,-0.1384,223.39303482587064,True,0.0048567,0.021155,0.6702
2612,16.5,700000.0,,2.3244,0.01018,-0.1511,228.33005893909626,True,0.0048567,0.021155,0.6184
2613,6.0,700000.0,,0.9994,0.00587,-0.0801,170.25553662691652,True,,,
2613,6.5,700000.0,,1.0591,0.00632,-0.0818,167.57911392405063,True,,,
2613,7.0,700000.0,,1.1198,0.00651,-0.0827,172.01228878648232,True,,,
2613,7.5,700000.0,,1.1854,0.00657,-0.0856,180.4261796042618,True,0.075968,0.081631,
2613,8.0,700000.0,,1.2339,0.00689,-0.0831,179.0856313497823,True,0.048333,0.081631,
2613,8.5,700000.0,,1.3178,0.00677,-0.0898,194.65288035450519,True,0.035273,0.070609,
2613,9.0,700000.0,,1.3569,0.00719,-0.0863,188.72044506258692,True,0.029986,0.060812,
2613,9.5,700000.0,,1.4195,0.00737,-0.0881,192.60515603799186,True,0.025367,0.056367,1.0
2613,10.0,700000.0,,1.4858,0.00738,-0.0905,201.3279132791328,True,0.021318,0.048333,0.99139
2613,10.5,700000.0,,1.5393,0.00773,-0.0908,199.1332470892626,True,0.017758,0.044717,0.97938
2613,11.0,700000.0,,1.6004,0.00783,-0.0927,204.3933588761175,True,0.016141,0.041346,0.9656
2613,11.5,700000.0,,1.663,0.00785,-0.0947,211.8471337579618,True,0.014623,0.038204,0.95038
2613,12.0,700000.0,,1.7384,0.00785,-0.0997,221.45222929936307,True,0.013198,0.035273,0.93416
2613,12.5,700000.0,,1.792,0.00809,-0.1008,221.5080346106304,True,0.011862,0.032539,0.90874
2613,13.0,700000.0,,1.8544,0.00814,-0.1036,227.81326781326783,True,0.010609,0.032539,0.88271
2613,13.5,700000.0,,1.9168,0.00847,-0.1076,226.30460448642268,True,0.010609,0.029986,0.85639
2613,14.0,700000.0,,1.9804,0.00839,-0.1108,236.04290822407629,True,0.0094355,0.029986,0.82994
2613,14.5,700000.0,ayashii,2.0633,0.00821,-0.1197,251.31546894031666,True,0.0094355,0.027599,0.79455
2613,15.0,700000.0,ayashii,2.1156,0.0085,-0.1223,248.89411764705883,True,0.0083387,0.027599,0.75905
2613,15.5,700000.0,ayashii,2.1816,0.00884,-0.1297,246.78733031674207,True,0.0083387,0.025367,0.72348
2613,16.0,700000.0,ayashii,2.2466,0.00878,-0.135,255.876993166287,True,0.0073156,0.025367,0.67893
2613,16.5,700000.0,ayashii,2.3183,0.00886,-0.1443,261.6591422121896,True,0.0073156,0.025367,0.62535
2708,6.0,700000.0,,1.0162,0.00961,-0.0869,105.74401664932361,True,0.0060001,0.026228,
2708,6.5,700000.0,,1.0814,0.01003,-0.0875,107.81655034895313,True,0.0047942,0.022137,
2708,7.0,700000.0,,1.1423,0.01045,-0.0872,109.31100478468902,True,0.0047942,0.022137,
2708,7.5,700000.0,,1.2015,0.01111,-0.0869,108.14581458145814,True,0.0037482,0.022137,
2708,8.0,700000.0,,1.2605,0.01232,-0.0866,102.31331168831169,True,0.0037482,0.018616,
2708,8.5,700000.0,,1.3201,0.01243,-0.0862,106.20273531777957,True,0.0028464,0.018616,
2708,9.0,700000.0,,1.3805,0.01237,-0.0854,111.60064672594987,True,0.0028464,0.018616,
2708,9.5,700000.0,ayashii,7.8314,0.00122,-1.9121,6419.180327868853,True,0.0028464,0.018616,
2708,10.0,700000.0,ayashii,8.3754,0.0012,-2.0439,6979.500000000001,True,0.00025784,0.00054288,0.0014457
2709,6.0,700000.0,,1.0331,0.00818,-0.0918,126.29584352078238,True,0.012205,0.038359,
2709,6.5,700000.0,,1.0858,0.00911,-0.0911,119.18770581778267,True,0.0088481,0.03355,
2709,7.0,700000.0,,1.1382,0.0094,-0.0892,121.08510638297874,True,0.0074456,0.029236,
2709,7.5,700000.0,,1.198,0.00982,-0.089,121.99592668024438,True,0.0061986,0.025411,
2709,8.0,700000.0,,1.257,0.01044,-0.0889,120.40229885057471,True,0.0050907,0.022043,
2709,8.5,700000.0,,1.3156,0.01087,-0.0889,121.03035878564859,True,0.0041073,0.022043,
2709,9.0,700000.0,,1.3757,0.01134,-0.089,121.31393298059965,True,0.0041073,0.019088,
2709,9.5,700000.0,,1.4438,0.01188,-0.0907,121.53198653198653,True,0.0041073,0.019088,
2709,10.0,700000.0,,1.4956,0.01235,-0.089,121.10121457489879,True,0.0032384,0.019088,
2709,10.5,700000.0,,1.5993,0.01075,-0.0964,148.77209302325582,True,0.0032384,0.019088,
2709,11.0,700000.0,,1.626,0.01338,-0.0918,121.52466367713004,True,0.0032384,0.016495,
2709,11.5,700000.0,ayashii,9.0609,0.00111,-2.2342,8162.9729729729725,True,0.0024806,0.016495,
2709,12.0,700000.0,,1.7705,0.01461,-0.1106,121.18412046543463,True,0.0024806,0.016495,0.98636
2709,12.5,700000.0,,1.8974,0.01621,-0.129,117.0512029611351,True,0.0024806,0.016495,0.98003
2709,13.0,700000.0,,2.0384,0.01811,-0.1516,112.55659856432911,True,0.0024806,0.016495,0.94377
2709,13.5,700000.0,ayashii,2.2269,0.0223,-0.1939,99.8609865470852,True,0.0024806,0.014215,0.89816
2709,14.0,700000.0,ayashii,11.9461,0.00102,-2.9697,11711.862745098038,True,0.0024806,0.014215,0.82922
2709,14.5,700000.0,,2.4612,0.01205,-0.2049,204.24896265560164,True,0.0024806,0.016495,0.71345
2709,15.0,700000.0,ayashii,2.5899,0.01676,-0.2322,154.5286396181384,True,0.0018311,0.016495,0.56313
2709,15.5,700000.0,ayashii,14.9011,0.0009,-3.7678,16556.777777777777,True,0.0018311,0.016495,0.42066
2710,6.0,700000.0,,1.0555,0.00876,-0.101,120.49086757990868,True,0.025437,0.056393,
2710,6.5,700000.0,,1.0844,0.00809,-0.0913,134.04202719406675,True,0.017623,0.045484,
2710,7.0,700000.0,,1.1469,0.00832,-0.0921,137.8485576923077,True,0.013627,0.040646,
2710,7.5,700000.0,,1.2051,0.00865,-0.0922,139.31791907514452,True,0.010357,0.032248,
2710,8.0,700000.0,,1.264,0.00906,-0.0926,139.51434878587196,True,0.0089477,0.028658,
2710,8.5,700000.0,,1.323,0.00957,-0.0928,138.24451410658307,True,0.0076685,0.025437,
2710,9.0,700000.0,,1.3811,0.00992,-0.0931,139.22379032258064,True,0.006509,0.025437,
2710,9.5,700000.0,,1.4412,0.01034,-0.0936,139.38104448742746,True,0.0054602,0.022547,
2710,10.0,700000.0,,1.5008,0.01087,-0.094,138.06807727690892,True,0.0054602,0.022547,
2710,10.5,700000.0,,1.5647,0.0107,-0.0954,146.2336448598131,True,0.0045142,0.019954,
2710,11.0,700000.0,,1.6211,0.01138,-0.0951,142.45166959578208,True,0.0045142,0.019954,
2710,11.5,700000.0,,1.6825,0.01168,-0.0963,144.0496575342466,True,0.0045142,0.019954,1.0
2710,12.0,700000.0,,1.7428,0.01195,-0.0978,145.8410041841004,True,0.0036635,0.017623,0.98637
2710,12.5,700000.0,,1.8011,0.01214,-0.1005,148.36079077429983,True,0.0036635,0.017623,0.9664
2710,13.0,700000.0,,1.8649,0.01233,-0.1036,151.24898621248985,True,0.0036635,0.017623,0.94391
2710,13.5,700000.0,,1.9196,0.01164,-0.1039,164.91408934707906,True,0.0036635,0.017623,0.91285
2710,14.0,700000.0,ayashii,2.1144,0.00869,-0.1395,243.31415420023015,True,0.0029058,0.017623,0.87362
2710,14.5,700000.0,ayashii,2.3211,0.02315,-0.2253,100.26349892008639,True,0.0029058,0.017623,0.82629
2710,15.0,700000.0,ayashii,2.4713,0.00864,-0.2078,286.03009259259255,True,0.0029058,0.015523,0.77876
2710,15.5,700000.0,ayashii,2.7829,0.00586,-0.3707,474.8976109215018,True,0.0029058,0.015523,0.71507
2710,16.0,700000.0,ayashii,2.6736,0.01576,-0.2541,169.64467005076142,True,0.0029058,0.015523,0.60888
2711,6.0,700000.0,,1.0479,0.00818,-0.0989,128.10513447432763,True,0.058153,0.075959,
2711,6.5,700000.0,,1.1383,0.00834,-0.1073,136.48681055155876,True,0.032228,0.069705,
2711,7.0,700000.0,,1.1542,0.00758,-0.0942,152.26912928759893,True,0.02363,0.058153,
2711,7.5,700000.0,,1.2127,0.00784,-0.0945,154.68112244897958,True,0.019066,0.048041,
2711,8.0,700000.0,,1.2729,0.0081,-0.0951,157.14814814814815,True,0.015232,0.039432,
2711,8.5,700000.0,,1.3512,0.00824,-0.1002,163.98058252427182,True,0.011993,0.035665,
2711,9.0,700000.0,,1.3912,0.00866,-0.0963,160.64665127020785,True,0.010565,0.032228,
2711,9.5,700000.0,,1.4505,0.009,-0.0973,161.16666666666666,True,0.0092495,0.029094,
2711,10.0,700000.0,,1.5132,0.00912,-0.0985,165.92105263157896,True,0.0080395,0.029094,
2711,10.5,700000.0,,1.5713,0.00955,-0.0997,164.53403141361255,True,0.0069281,0.026237,
2711,11.0,700000.0,,1.6319,0.0098,-0.1004,166.5204081632653,True,0.0069281,0.02363,0.99691
2711,11.5,700000.0,,1.6925,0.01002,-0.1014,168.9121756487026,True,0.00591,0.02363,0.98623
2711,12.0,700000.0,,1.753,0.01039,-0.1031,168.71992300288738,True,0.00591,0.021247,0.96647
2711,12.5,700000.0,,1.8243,0.01002,-0.1071,182.06586826347308,True,0.0049804,0.021247,0.9516
2711,13.0,700000.0,,1.8746,0.01083,-0.1079,173.09325946445063,True,0.0049804,0.021247,0.92815
2711,13.5,700000.0,,1.9381,0.01111,-0.1114,174.44644464446444,True,0.0049804,0.021247,0.89609
2711,14.0,700000.0,,2.0025,0.01132,-0.116,176.89929328621906,True,0.0041346,0.019066,0.87185
2711,14.5,700000.0,,2.0703,0.0116,-0.1236,178.4741379310345,True,0.0041346,0.019066,0.83125
2711,15.0,700000.0,,2.1671,0.01291,-0.148,167.86212238574748,True,0.0041346,0.019066,0.79048
2711,15.5,700000.0,,2.2234,0.01114,-0.1459,199.58707360861757,True,0.0041346,0.019066,0.74134
2711,16.0,700000.0,,2.3324,0.01145,-0.1693,203.70305676855892,True,0.0041346,0.017067,0.67478
2711,16.5,700000.0,,2.4598,0.01163,-0.1979,211.50472914875323,True,0.0033695,0.017067,0.61524
2712,6.0,700000.0,,1.0395,0.00793,-0.0973,131.0844892812106,True,,,
2712,6.5,700000.0,,1.1164,0.00797,-0.1023,140.07528230865748,True,,,
2712,7.0,700000.0,,1.1701,0.00836,-0.1019,139.9641148325359,True,0.04342,0.078163,
2712,7.5,700000.0,,1.2205,0.00715,-0.0966,170.6993006993007,True,0.030369,0.066568,
2712,8.0,700000.0,,1.28,0.00733,-0.0972,174.62482946793997,True,0.025246,0.0563,
2712,8.5,700000.0,,1.3403,0.00751,-0.0979,178.46870838881492,True,0.020856,0.047389,
2712,9.0,700000.0,,1.4035,0.00771,-0.1,182.03631647211415,True,0.017075,0.04342,
2712,9.5,700000.0,,1.4631,0.00798,-0.1009,183.34586466165416,True,0.015383,0.039755,
2712,10.0,700000.0,,1.5238,0.00804,-0.1014,189.5273631840796,True,0.012344,0.036372,1.0
2712,10.5,700000.0,,1.5835,0.00829,-0.1027,191.0132689987937,True,0.010982,0.03325,0.99683
2712,11.0,700000.0,,1.6431,0.00856,-0.1043,191.95093457943926,True,0.010982,0.030369,0.98603
2712,11.5,700000.0,,1.7021,0.00888,-0.106,191.6779279279279,True,0.0097156,0.030369,0.97333
2712,12.0,700000.0,,1.7671,0.00888,-0.1081,198.99774774774772,True,0.0085392,0.027707,0.95906
2712,12.5,700000.0,,1.8245,0.00926,-0.1099,197.03023758099354,True,0.0085392,0.025246,0.93579
2712,13.0,700000.0,,1.8881,0.00932,-0.1123,202.58583690987123,True,0.0074485,0.025246,0.91962
2712,13.5,700000.0,,1.9503,0.00951,-0.1154,205.0788643533123,True,0.0074485,0.025246,0.88666
2712,14.0,700000.0,,2.0088,0.0097,-0.1184,207.0927835051546,True,0.00644,0.022967,0.8617
2712,14.5,700000.0,,2.0743,0.00983,-0.123,211.01729399796542,True,0.00644,0.022967,0.82824
2712,15.0,700000.0,,2.1404,0.00997,-0.1285,214.68405215646942,True,0.0055107,0.022967,0.79464
2712,15.5,700000.0,,2.2087,0.01015,-0.1356,217.60591133004925,True,0.0055107,0.020856,0.74401
2712,16.0,700000.0,,2.2826,0.01038,-0.1471,219.90366088631984,True,0.0055107,0.020856,0.69277
2712,16.5,700000.0,ayashii,2.3788,0.00866,-0.1576,274.68822170900694,True,0.0055107,0.020856,0.63126
2713,6.0,700000.0,,1.0584,0.00698,-0.1,151.63323782234957,True,,,
2713,6.5,700000.0,,1.1149,0.00778,-0.1013,143.30334190231363,True,,,
2713,7.0,700000.0,,1.1906,0.00769,-0.1062,154.82444733420027,True,,,
2713,7.5,700000.0,,1.2331,0.0078,-0.1029,158.08974358974362,True,0.055967,0.087322,
2713,8.0,700000.0,,1.2871,0.0067,-0.0991,192.10447761194027,True,0.040942,0.075634,
2713,8.5,700000.0,,1.3469,0.00684,-0.0999,196.91520467836258,True,0.03215,0.06518,
2713,9.0,700000.0,,1.4113,0.00696,-0.1018,202.77298850574712,True,0.024998,0.060421,1.0
2713,9.5,700000.0,,1.4719,0.0071,-0.1027,207.30985915492957,True,0.022916,0.051806,0.99672
2713,10.0,700000.0,,1.5312,0.00733,-0.1043,208.8949522510232,True,0.019136,0.047926,0.99143
2713,10.5,700000.0,,1.5919,0.0075,-0.1057,212.25333333333336,True,0.017421,0.04431,0.97954
2713,11.0,700000.0,,1.6564,0.0078,-0.1082,212.3589743589744,True,0.015812,0.040942,0.97296
2713,11.5,700000.0,,1.7172,0.0078,-0.1098,220.15384615384616,True,0.014302,0.037803,0.95868
2713,12.0,700000.0,,1.7782,0.00793,-0.1114,224.23707440100884,True,0.012886,0.034878,0.94325
2713,12.5,700000.0,,1.8381,0.00822,-0.1138,223.6131386861314,True,0.011558,0.03215,0.92708
2713,13.0,700000.0,,1.8998,0.0082,-0.1157,231.68292682926827,True,0.010314,0.03215,0.90205
2713,13.5,700000.0,,1.9595,0.00852,-0.1185,229.98826291079814,True,0.010314,0.029603,0.88508
2713,14.0,700000.0,,2.0235,0.00844,-0.1218,239.75118483412322,True,0.0091507,0.027224,0.85941
2713,14.5,700000.0,ayashii,2.0836,0.00867,-0.1256,240.32295271049597,True,0.0091507,0.027224,0.82494
2713,15.0,700000.0,ayashii,2.1538,0.00866,-0.1315,248.70669745958432,True,0.008064,0.027224,0.79029
2713,15.5,700000.0,ayashii,2.2187,0.00895,-0.138,247.89944134078215,True,0.008064,0.024998,0.74676
2713,16.0,700000.0,ayashii,2.2995,0.0084,-0.1455,273.75000000000006,True,0.0070517,0.024998,0.70279
2713,16.5,700000.0,ayashii,2.351,0.00903,-0.1511,260.35437430786266,True,0.0070517,0.024998,0.64844
3408,6.0,700000.0,,1.0394,0.00916,-0.0811,113.47161572052403,True,0.016659,0.048935,
3408,6.5,700000.0,,1.1033,0.00925,-0.0814,119.27567567567567,True,0.008151,0.032148,
3408,7.0,700000.0,,1.1976,0.00893,-0.0877,134.1097424412094,True,0.0054452,0.027466,
3408,7.5,700000.0,,1.204,0.01041,-0.0783,115.65802113352544,True,0.0043521,0.023331,
3408,8.0,700000.0,,1.2643,0.01072,-0.0786,117.93843283582089,True,0.0034021,0.019742,
3408,8.5,700000.0,,1.3257,0.01138,-0.0795,116.493848857645,True,0.0034021,0.019742,
3408,9.0,700000.0,,1.3862,0.01172,-0.0797,118.27645051194541,True,0.0034021,0.019742,
3408,9.5,700000.0,,1.4475,0.01217,-0.0799,118.94001643385374,True,0.0025813,0.016659,
3408,10.0,700000.0,,1.5085,0.01245,-0.0803,121.16465863453816,True,0.0025813,0.016659,
3408,10.5,700000.0,,1.5707,0.01225,-0.0803,128.2204081632653,True,0.0025813,0.016659,
3408,11.0,700000.0,ayashii,8.3533,0.0012,-2.0279,6961.083333333335,True,0.001882,0.014021,
3408,11.5,700000.0,,1.6882,0.0133,-0.085,126.93233082706767,True,0.001882,0.014021,1.0
3408,12.0,700000.0,ayashii,7.1769,0.00142,-1.6835,5054.154929577465,True,0.001882,0.014021,0.96543
3408,12.5,700000.0,ayashii,10.7187,0.0011,-2.6367,9744.272727272726,True,0.0012963,0.016659,0.9202
3408,13.0,700000.0,,2.0439,0.00992,-0.1346,206.0383064516129,True,0.0012963,0.016659,0.8594
3408,13.5,700000.0,ayashii,12.7877,0.00104,-3.1847,12295.865384615385,True,0.0012963,0.014021,0.80605
3408,14.0,700000.0,,2.2536,0.01464,-0.1784,153.9344262295082,True,0.0012963,0.011763,0.74494
3408,14.5,700000.0,,2.4412,0.01868,-0.2176,130.68522483940043,True,0.0012963,0.011763,0.65308
3408,15.0,700000.0,ayashii,2.7436,0.01016,-0.2668,270.03937007874015,True,0.0012963,0.014021,0.54571
3409,6.0,700000.0,,1.0491,0.00807,-0.0826,129.99999999999997,True,,,
3409,6.5,700000.0,,1.0989,0.0087,-0.0818,126.31034482758622,True,0.026861,0.050731,
3409,7.0,700000.0,,1.15,0.0091,-0.0806,126.37362637362635,True,0.015356,0.045114,
3409,7.5,700000.0,,1.226,0.00919,-0.0848,133.40587595212187,True,0.0097938,0.035082,
3409,8.0,700000.0,,1.2689,0.00965,-0.0816,131.4922279792746,True,0.0070354,0.026861,
3409,8.5,700000.0,,1.3571,0.00953,-0.0886,142.40293809024135,True,0.0058754,0.023421,
3409,9.0,700000.0,,1.3908,0.01033,-0.0838,134.63697967086156,True,0.004841,0.023421,
3409,9.5,700000.0,,1.4518,0.01055,-0.0844,137.61137440758293,True,0.0039209,0.020386,
3409,10.0,700000.0,,1.5133,0.0108,-0.0854,140.12037037037038,True,0.0039209,0.020386,
3409,10.5,700000.0,,1.5709,0.01121,-0.0876,140.13380909901875,True,0.0039209,0.017712,
3409,11.0,700000.0,,1.6351,0.01163,-0.0893,140.5932932072227,True,0.0031049,0.017712,0.99216
3409,11.5,700000.0,,1.6986,0.01197,-0.0915,141.90476190476193,True,0.0031049,0.017712,0.95853
3409,12.0,700000.0,,1.767,0.0119,-0.0938,148.48739495798318,True,0.0031049,0.015356,0.92763
3409,12.5,700000.0,ayashii,8.7405,0.00111,-2.1407,7874.324324324324,True,0.0023885,0.015356,0.89637
3409,13.0,700000.0,,1.893,0.01262,-0.1049,150.0,True,0.0023885,0.015356,0.85718
3409,13.5,700000.0,,2.0285,0.00945,-0.1177,214.6560846560847,True,0.0023885,0.015356,0.81791
3409,14.0,700000.0,ayashii,10.5893,0.00106,-2.6178,9989.905660377359,True,0.0023885,0.015356,0.77068
3409,14.5,700000.0,ayashii,10.7029,0.00108,-2.6309,9910.092592592591,True,0.0017692,0.013275,0.72337
3409,15.0,700000.0,,2.3556,0.01316,-0.2005,178.9969604863222,True,0.0017692,0.013275,0.68389
3409,15.5,700000.0,,2.4911,0.01534,-0.2257,162.39243807040418,True,0.0017692,0.013275,0.62066
3410,6.0,700000.0,,1.08,0.00613,-0.0881,176.18270799347474,True,,,
3410,6.5,700000.0,,1.1184,0.00753,-0.0853,148.52589641434264,True,,,
3410,7.0,700000.0,,1.1651,0.00815,-0.0842,142.95705521472394,True,,,
3410,7.5,700000.0,,1.2269,0.00844,-0.0852,145.36729857819907,True,0.024114,0.058103,
3410,8.0,700000.0,,1.2753,0.00885,-0.0837,144.10169491525426,True,0.0149,0.0425,
3410,8.5,700000.0,,1.3371,0.00905,-0.0853,147.74585635359114,True,0.011508,0.038069,
3410,9.0,700000.0,,1.4,0.00916,-0.0871,152.83842794759823,True,0.010041,0.030379,
3410,9.5,700000.0,,1.4595,0.00948,-0.0887,153.95569620253164,True,0.0074944,0.027082,
3410,10.0,700000.0,,1.5212,0.00963,-0.0898,157.96469366562826,True,0.0063912,0.024114,
3410,10.5,700000.0,,1.5818,0.00991,-0.0922,159.61654894046418,True,0.0053899,0.024114,1.0
3410,11.0,700000.0,,1.6442,0.01016,-0.094,161.83070866141733,True,0.0053899,0.021442,0.98025
3410,11.5,700000.0,,1.707,0.01041,-0.0963,163.97694524495677,True,0.0044833,0.019035,0.95112
3410,12.0,700000.0,,1.7701,0.01068,-0.0993,165.73970037453182,True,0.0044833,0.019035,0.91931
3410,12.5,700000.0,,1.8767,0.00962,-0.1115,195.0831600831601,True,0.0036657,0.019035,0.88703
3410,13.0,700000.0,,1.8976,0.01114,-0.1077,170.3411131059246,True,0.0036657,0.019035,0.84652
3410,13.5,700000.0,,1.9691,0.01141,-0.1146,172.57668711656441,True,0.0036657,0.016863,0.8059
3410,14.0,700000.0,,2.037,0.01172,-0.1219,173.80546075085326,True,0.0029319,0.016863,0.75706
3410,14.5,700000.0,,2.1097,0.01211,-0.1327,174.21139554087534,True,0.0029319,0.016863,0.71628
3410,15.0,700000.0,,2.1956,0.01275,-0.1488,172.2039215686275,True,0.0029319,0.016863,0.66727
3410,15.5,700000.0,,2.263,0.01214,-0.1554,186.40856672158154,True,0.0029319,0.0149,0.6264
3411,6.0,700000.0,,1.0924,0.0052,-0.0896,210.0769230769231,True,,,
3411,6.5,700000.0,,1.158,0.00546,-0.0916,212.0879120879121,True,,,
3411,7.0,700000.0,,1.1812,0.00711,-0.0867,166.13220815752462,True,,,
3411,7.5,700000.0,,1.2304,0.00773,-0.0862,159.17205692108666,True,,,
3411,8.0,700000.0,,1.2853,0.00795,-0.086,161.67295597484278,True,0.041684,0.060488,
3411,8.5,700000.0,,1.3482,0.00816,-0.0879,165.22058823529412,True,0.022986,0.055268,
3411,9.0,700000.0,,1.4079,0.00827,-0.0889,170.24183796856107,True,0.016744,0.045864,
3411,9.5,700000.0,,1.4674,0.00851,-0.0911,172.43243243243242,True,0.01499,0.041684,
3411,10.0,700000.0,,1.5285,0.00864,-0.0925,176.90972222222223,True,0.011885,0.03432,
3411,10.5,700000.0,,1.6128,0.0085,-0.1002,189.74117647058821,True,0.010511,0.031096,0.9919
3411,11.0,700000.0,,1.652,0.00902,-0.0975,183.14855875831483,True,0.0092433,0.028149,0.96636
3411,11.5,700000.0,,1.7189,0.00914,-0.1018,188.06345733041576,True,0.0080746,0.028149,0.94319
3411,12.0,700000.0,,1.7825,0.00941,-0.1049,189.4261424017003,True,0.0069978,0.025453,0.9104
3411,12.5,700000.0,,1.8442,0.0095,-0.108,194.1263157894737,True,0.0060079,0.022986,0.87704
3411,13.0,700000.0,,1.9085,0.00986,-0.1129,193.5598377281947,True,0.0060079,0.022986,0.84351
3411,13.5,700000.0,,1.9991,0.00928,-0.1221,215.42025862068965,True,0.0051003,0.020725,0.80147
3411,14.0,700000.0,,2.0365,0.01008,-0.1221,202.03373015873018,True,0.0051003,0.020725,0.75934
3411,14.5,700000.0,,2.1063,0.01019,-0.1289,206.70264965652603,True,0.0042711,0.01865,0.71712
3411,15.0,700000.0,,2.1761,0.01033,-0.1365,210.65827686350434,True,0.0042711,0.01865,0.67485
3411,15.5,700000.0,,2.2549,0.01074,-0.1499,209.95344506517694,True,0.0042711,0.01865,0.62409
3412,6.0,700000.0,ayashii,1.1046,0.00459,-0.0911,240.6535947712418,True,,,
3412,6.5,700000.0,,1.1529,0.00519,-0.0901,222.1387283236994,True,,,
3412,7.0,700000.0,,1.1597,0.00691,-0.0813,167.82923299565846,True,,,
3412,7.5,700000.0,,1.2579,0.00652,-0.0912,192.92944785276075,True,,,
3412,8.0,700000.0,,1.3115,0.00695,-0.0924,188.70503597122305,True,,,
3412,8.5,700000.0,,1.3545,0.00749,-0.0893,180.84112149532712,True,,,
3412,9.0,700000.0,,1.4192,0.00763,-0.0928,186.00262123197905,True,0.038686,0.063793,
3412,9.5,700000.0,,1.4741,0.00781,-0.0931,188.7451984635083,True,0.027252,0.058845,
3412,10.0,700000.0,,1.5369,0.00787,-0.0946,195.28589580686148,True,0.020687,0.049889,0.99168
3412,10.5,700000.0,,1.5985,0.00803,-0.0975,199.06600249066003,True,0.017044,0.04587,0.97321
3412,11.0,700000.0,,1.6736,0.00797,-0.1029,209.9874529485571,True,0.013884,0.038686,0.95865
3412,11.5,700000.0,,1.7287,0.0083,-0.1048,208.27710843373492,True,0.012463,0.035489,0.92631
3412,12.0,700000.0,,1.7905,0.00836,-0.1075,214.17464114832538,True,0.011138,0.03253,0.9008
3412,12.5,700000.0,,1.8537,0.00843,-0.111,219.8932384341637,True,0.009904,0.02979,0.87494
3412,13.0,700000.0,,1.9167,0.00862,-0.1155,222.35498839907194,True,0.009904,0.02979,0.84025
3412,13.5,700000.0,,1.9876,0.00874,-0.122,227.41418764302063,True,0.0087543,0.027252,0.80542
3412,14.0,700000.0,,2.052,0.00879,-0.1268,233.44709897610923,True,0.0076852,0.024899,0.76178
3412,14.5,700000.0,,2.118,0.00895,-0.1325,236.64804469273741,True,0.0066925,0.024899,0.7268
3412,15.0,700000.0,ayashii,2.2224,0.00822,-0.1467,270.3649635036496,True,0.0066925,0.022716,0.67425
3412,15.5,700000.0,ayashii,2.2521,0.00916,-0.1465,245.86244541484717,True,0.0066925,0.022716,0.63919
3413,6.0,700000.0,,1.0436,0.00625,-0.0786,166.976,True,,,
3413,6.5,700000.0,ayashii,1.1615,0.00473,-0.0909,245.56025369978857,True,,,
3413,7.0,700000.0,ayashii,1.2195,0.00498,-0.0919,244.87951807228916,True,,,
3413,7.5,700000.0,ayashii,1.2966,0.00481,-0.0965,269.56340956340955,True,,,
3413,8.0,700000.0,,1.3064,0.00662,-0.0912,197.3413897280967,True,,,
3413,8.5,700000.0,,1.3612,0.00688,-0.0911,197.84883720930233,True,,,
3413,9.0,700000.0,,1.4245,0.00697,-0.0932,204.3758967001435,True,,,
3413,9.5,700000.0,,1.5014,0.00688,-0.0997,218.22674418604652,True,0.068612,0.073721,0.99674
3413,10.0,700000.0,,1.5543,0.00707,-0.0986,219.84441301272986,True,0.040553,0.068612,0.97954
3413,10.5,700000.0,,1.6192,0.00715,-0.1018,226.46153846153845,True,0.032031,0.063791,0.95831
3413,11.0,700000.0,,1.6842,0.00734,-0.1064,229.45504087193459,True,0.023032,0.054999,0.94241
3413,11.5,700000.0,,1.7454,0.00734,-0.1087,237.79291553133515,True,0.021125,0.051013,0.91701
3413,12.0,700000.0,ayashii,1.8092,0.00745,-0.1127,242.8456375838926,True,0.017655,0.043804,0.89068
3413,12.5,700000.0,ayashii,1.8737,0.00749,-0.1162,250.16021361815754,True,0.016077,0.040553,0.86395
3508,6.0,700000.0,,1.0651,0.00913,-0.0928,116.6593647316539,True,0.0096399,0.032018,
3508,6.5,700000.0,,1.1249,0.00988,-0.0936,113.85627530364373,True,0.0065353,0.027296,
3508,7.0,700000.0,,1.1831,0.01013,-0.0928,116.79170779861796,True,0.0052863,0.023139,
3508,7.5,700000.0,,1.2434,0.01037,-0.0926,119.90356798457087,True,0.0042019,0.01954,
3508,8.0,700000.0,,1.3039,0.01075,-0.0925,121.29302325581396,True,0.003261,0.01954,
3508,8.5,700000.0,,1.3638,0.0111,-0.0925,122.86486486486486,True,0.003261,0.01954,
3508,9.0,700000.0,,1.4215,0.01203,-0.0931,118.1629260182876,True,0.003261,0.01954,
3508,9.5,700000.0,,1.4883,0.0125,-0.094,119.064,True,0.0024518,0.016456,
3508,10.0,700000.0,,1.5513,0.01272,-0.0945,121.9575471698113,True,0.0024518,0.016456,
3508,10.5,700000.0,ayashii,5.7275,0.00163,-1.316,3513.8036809815953,True,0.0017661,0.016456,
3508,11.0,700000.0,ayashii,9.066,0.00112,-2.2172,8094.642857142859,True,0.0017661,0.016456,
3508,11.5,700000.0,,1.7767,0.0119,-0.1043,149.30252100840335,True,0.0017661,0.013822,
3508,12.0,700000.0,,1.8851,0.01095,-0.1154,172.15525114155253,True,0.0017661,0.016456,0.97272
3508,12.5,700000.0,ayashii,11.6359,0.00102,-2.8827,11407.745098039215,True,0.0011973,0.016456,0.91304
3508,13.0,700000.0,ayashii,12.5155,0.001,-3.1287,12515.5,True,0.0011973,0.016456,0.83749
3508,13.5,700000.0,,2.2809,0.01315,-0.1864,173.45247148288973,True,0.0011973,0.055326,0.33449
3508,14.0,700000.0,,2.3917,0.01339,-0.1975,178.6183719193428,True,0.0011973,0.013822,0.70073
3508,14.5,700000.0,,2.4933,0.0146,-0.2106,170.77397260273972,True,0.0011973,0.01954,0.44114
3509,6.0,700000.0,,1.0797,0.00835,-0.0971,129.3053892215569,True,0.026604,0.056717,
3509,6.5,700000.0,,1.1451,0.00814,-0.098,140.67567567567568,True,0.015105,0.045003,
3509,7.0,700000.0,,1.1887,0.00901,-0.096,131.93118756936738,True,0.0095686,0.03487,
3509,7.5,700000.0,,1.246,0.00943,-0.096,132.13149522799577,True,0.0081194,0.030501,
3509,8.0,700000.0,,1.309,0.00958,-0.0965,136.63883089770354,True,0.0068283,0.026604,
3509,8.5,700000.0,,1.3689,0.00989,-0.0968,138.41253791708797,True,0.0046539,0.023157,
3509,9.0,700000.0,,1.4267,0.01041,-0.0977,137.0509125840538,True,0.0046539,0.020123,
3509,9.5,700000.0,,1.4874,0.01073,-0.0981,138.6206896551724,True,0.0037443,0.020123,
3509,10.0,700000.0,,1.5487,0.01106,-0.0987,140.0271247739602,True,0.0037443,0.020123,
3509,10.5,700000.0,,1.6094,0.01144,-0.0994,140.68181818181816,True,0.0037443,0.017454,
3509,11.0,700000.0,,1.6689,0.01191,-0.101,140.12594458438286,True,0.0029405,0.017454,0.98646
3509,11.5,700000.0,,1.7289,0.01187,-0.1024,145.65290648694187,True,0.0029405,0.017454,0.96604
3509,12.0,700000.0,,1.7904,0.01266,-0.1055,141.4218009478673,True,0.0029405,0.017454,0.94338
3509,12.5,700000.0,ayashii,9.0065,0.00116,-2.2026,7764.224137931035,True,0.0029405,0.015105,0.92023
3509,13.0,700000.0,ayashii,9.1993,0.00114,-2.2403,8069.561403508772,True,0.0022393,0.015105,0.88921
3509,13.5,700000.0,,2.0232,0.01378,-0.1434,146.82148040638606,True,0.0022393,0.015105,0.85031
3509,14.0,700000.0,,2.1684,0.0179,-0.1772,121.13966480446929,True,0.0022393,0.015105,0.8035
3509,14.5,700000.0,ayashii,12.5412,0.00093,-3.1471,13485.16129032258,True,0.0022393,0.015105,0.75656
3509,15.0,700000.0,ayashii,14.051,0.00086,-3.5441,16338.372093023256,True,0.0022393,0.015105,0.70168
3509,15.5,700000.0,ayashii,2.5954,0.01517,-0.2413,171.08767303889258,True,0.0022393,0.013032,0.65455
3510,6.0,700000.0,,1.1066,0.00694,-0.1025,159.45244956772333,True,,,
3510,6.5,700000.0,,1.1352,0.00792,-0.097,143.33333333333334,True,,,
3510,7.0,700000.0,,1.2134,0.00766,-0.1008,158.40731070496085,True,0.023782,0.057979,
3510,7.5,700000.0,,1.2544,0.00837,-0.0984,149.868578255675,True,0.016558,0.042215,
3510,8.0,700000.0,,1.3153,0.00854,-0.0991,154.01639344262293,True,0.012837,0.037757,
3510,8.5,700000.0,,1.3909,0.00868,-0.1042,160.24193548387098,True,0.0097767,0.033704,
3510,9.0,700000.0,,1.4343,0.00928,-0.1014,154.5581896551724,True,0.008453,0.030043,
3510,9.5,700000.0,,1.495,0.00947,-0.1027,157.8669482576558,True,0.0061573,0.026746,
3510,10.0,700000.0,,1.5567,0.0097,-0.1036,160.48453608247422,True,0.0061573,0.023782,
3510,10.5,700000.0,,1.6205,0.00994,-0.1054,163.0281690140845,True,0.0051672,0.021118,0.98643
3510,11.0,700000.0,,1.7,0.0098,-0.1113,173.46938775510205,True,0.0051672,0.021118,0.97349
3510,11.5,700000.0,,1.7402,0.01061,-0.1089,164.01508011310085,True,0.0042729,0.021118,0.94347
3510,12.0,700000.0,,1.8017,0.011,-0.1115,163.7909090909091,True,0.0042729,0.01872,0.91974
3510,12.5,700000.0,,1.8646,0.01141,-0.1146,163.41805433829975,True,0.0042729,0.01872,0.89578
3510,13.0,700000.0,,1.9276,0.0118,-0.1188,163.35593220338984,True,0.003468,0.01872,0.86371
3510,13.5,700000.0,,1.9905,0.01175,-0.1228,169.40425531914892,True,0.003468,0.016558,0.83154
3510,14.0,700000.0,,2.059,0.01202,-0.1294,171.29783693843595,True,0.003468,0.016558,0.7993
3510,14.5,700000.0,,2.129,0.01223,-0.1385,174.0801308258381,True,0.0027493,0.016558,0.75891
3510,15.0,700000.0,ayashii,2.3143,0.00724,-0.167,319.65469613259665,True,0.0027493,0.016558,0.71844
3510,15.5,700000.0,,2.3901,0.0175,-0.2203,136.57714285714283,True,0.0027493,0.016558,0.62919
3510,16.0,700000.0,ayashii,2.5395,0.01655,-0.246,153.44410876132932,True,0.0027493,0.014605,0.62919
3511,6.0,700000.0,,1.1013,0.00641,-0.1019,171.80967238689547,True,,,
3511,6.5,700000.0,,1.1494,0.00718,-0.1004,160.08356545961004,True,,,
3511,7.0,700000.0,,1.21,0.00742,-0.1012,163.07277628032344,True,,,
3511,7.5,700000.0,,1.2622,0.00764,-0.1002,165.20942408376962,True,0.033966,0.06596,
3511,8.0,700000.0,,1.3314,0.00769,-0.1035,173.1339401820546,True,0.022637,0.055057,
3511,8.5,700000.0,,1.4021,0.00781,-0.1073,179.52624839948783,True,0.018315,0.045565,
3511,9.0,700000.0,,1.4435,0.0082,-0.1038,176.03658536585365,True,0.014671,0.041359,
3511,9.5,700000.0,,1.5097,0.00822,-0.1061,183.661800486618,True,0.011583,0.037499,1.0
3511,10.0,700000.0,,1.5696,0.00845,-0.1077,185.75147928994085,True,0.010218,0.030739,0.99189
3511,10.5,700000.0,,1.6288,0.00879,-0.1099,185.3014789533561,True,0.0089594,0.030739,0.97349
3511,11.0,700000.0,,1.6886,0.00913,-0.1121,184.95071193866377,True,0.0078003,0.027792,0.95898
3511,11.5,700000.0,,1.7516,0.0092,-0.114,190.3913043478261,True,0.0067341,0.025099,0.93542
3511,12.0,700000.0,,1.8169,0.00968,-0.1176,187.69628099173553,True,0.0057556,0.022637,0.91098
3511,12.5,700000.0,,1.8765,0.00969,-0.1199,193.6532507739938,True,0.0057556,0.022637,0.88625
3511,13.0,700000.0,,1.9397,0.00985,-0.123,196.92385786802032,True,0.0057556,0.020383,0.85311
3511,13.5,700000.0,,2.0032,0.01004,-0.1266,199.5219123505976,True,0.0048604,0.020383,0.82817
3511,14.0,700000.0,,2.067,0.01031,-0.1316,200.48496605237636,True,0.0048604,0.020383,0.78651
3511,14.5,700000.0,,2.128,0.01039,-0.1371,204.81231953801733,True,0.0048604,0.020383,0.7531
3511,15.0,700000.0,,2.1995,0.01075,-0.1455,204.6046511627907,True,0.0040446,0.018315,0.71962
3511,15.5,700000.0,,2.2699,0.01093,-0.154,207.67612076852697,True,0.0040446,0.018315,0.67772
3511,16.0,700000.0,ayashii,2.3437,0.0111,-0.1649,211.14414414414415,True,,,0.0048604
3512,6.0,700000.0,,1.0818,0.00622,-0.096,173.9228295819936,True,,,
3512,6.5,700000.0,,1.1674,0.00608,-0.1038,192.0065789473684,True,,,
3512,7.0,700000.0,,1.2093,0.00686,-0.1014,176.28279883381924,True,,,
3512,7.5,700000.0,,1.2784,0.00685,-0.1045,186.62773722627736,True,,,
3512,8.0,700000.0,,1.3284,0.00723,-0.103,183.7344398340249,True,0.069049,0.074698,
3512,8.5,700000.0,,1.4207,0.00697,-0.112,203.8307030129125,True,0.032188,0.069049,
3512,9.0,700000.0,,1.456,0.00753,-0.1079,193.35989375830013,True,0.024552,0.058699,1.0
3512,9.5,700000.0,,1.5162,0.00764,-0.1092,198.45549738219896,True,0.020344,0.049646,0.99169
3512,10.0,700000.0,,1.5861,0.00775,-0.113,204.65806451612903,True,0.01671,0.045593,0.97327
3512,10.5,700000.0,,1.6389,0.00793,-0.1126,206.67087011349307,True,0.01508,0.038366,0.9588
3512,11.0,700000.0,,1.6998,0.00803,-0.1148,211.68119551681193,True,0.012147,0.035156,0.94314
3512,11.5,700000.0,,1.7664,0.00821,-0.1185,215.15225334957367,True,0.012147,0.032188,0.91844
3512,12.0,700000.0,,1.8272,0.00841,-0.1214,217.26516052318667,True,0.0096028,0.032188,0.90159
3512,12.5,700000.0,,1.8887,0.00857,-0.1245,220.38506417736292,True,0.0096028,0.029444,0.87605
3512,13.0,700000.0,,1.9509,0.00865,-0.1275,225.5375722543353,True,0.0084618,0.026904,0.85036
3512,13.5,700000.0,,2.0144,0.00883,-0.1316,228.13137032842587,True,0.0084618,0.026904,0.81598
3512,14.0,700000.0,ayashii,2.0932,0.00865,-0.1392,241.98843930635837,True,0.0074022,0.024552,0.79012
3512,14.5,700000.0,,2.1423,0.00908,-0.1409,235.93612334801765,True,0.0074022,0.024552,0.75557
3512,15.0,700000.0,,2.2085,0.00938,-0.1478,235.44776119402985,True,0.0064201,0.02237,0.71228
3512,15.5,700000.0,,2.2761,0.00969,-0.1551,234.89164086687305,True,0.005513,0.02237,0.67759
3512,16.0,700000.0,ayashii,2.3481,0.00935,-0.1624,251.13368983957218,True,0.005513,0.02237,0.64287
3513,6.0,700000.0,,1.0831,0.00586,-0.0956,184.82935153583617,True,,,
3513,6.5,700000.0,ayashii,1.2101,0.00454,-0.11,266.54185022026434,True,,,
3513,7.0,700000.0,,1.2154,0.00621,-0.1014,195.71658615136874,True,,,
3513,7.5,700000.0,,1.2937,0.00606,-0.1066,213.4818481848185,True,,,
3513,8.0,700000.0,,1.3391,0.00656,-0.1055,204.1310975609756,True,,,
3513,8.5,700000.0,,1.4063,0.00661,-0.1082,212.75340393343419,True,,,0.99673
3513,9.0,700000.0,,1.4877,0.00657,-0.1155,226.43835616438355,True,0.050609,0.0789,0.98573
3513,9.5,700000.0,,1.5229,0.00703,-0.1113,216.62873399715505,True,0.034284,0.068296,0.9729
3513,10.0,700000.0,,1.5844,0.00713,-0.1133,222.21598877980364,True,0.029172,0.063439,0.95842
3513,10.5,700000.0,,1.6469,0.0072,-0.1154,228.73611111111111,True,0.024699,0.054605,0.94267
3513,11.0,700000.0,ayashii,1.722,0.00713,-0.1205,241.51472650771387,True,0.020774,0.046877,0.92607
3513,11.5,700000.0,ayashii,1.7756,0.00739,-0.1215,240.27063599458728,True,0.01732,0.043394,0.90897
3513,12.0,700000.0,ayashii,1.8606,0.00722,-0.13,257.7008310249308,True,0.015749,0.040145,0.88282
3513,12.5,700000.0,ayashii,1.8998,0.00759,-0.1272,250.30303030303028,True,0.014274,0.037113,0.86521
3608,6.0,700000.0,,1.1185,0.00915,-0.1109,122.24043715846994,True,0.0063903,0.027111,
3608,6.5,700000.0,,1.1767,0.00962,-0.1108,122.31808731808732,True,0.0051498,0.022945,
3608,7.0,700000.0,,1.2356,0.01032,-0.1106,119.72868217054264,True,0.0040739,0.022945,
3608,7.5,700000.0,,1.2954,0.01076,-0.1103,120.39033457249072,True,0.0040739,0.019346,
3608,8.0,700000.0,,1.3552,0.01119,-0.1099,121.10813226094727,True,0.0031416,0.019346,
3608,8.5,700000.0,,1.4146,0.01149,-0.1096,123.11575282854656,True,0.0031416,0.019346,
3608,9.0,700000.0,ayashii,6.786,0.00124,-1.6437,5472.58064516129,True,0.0031416,0.019346,
3608,9.5,700000.0,,1.5294,0.01317,-0.1094,116.12756264236903,True,0.0023428,0.016267,
3608,10.0,700000.0,,1.5892,0.01273,-0.1089,124.83896307934013,True,0.0023428,0.016267,
3608,10.5,700000.0,ayashii,8.9123,0.00113,-2.1825,7886.991150442478,True,0.0016694,0.016267,
3608,11.0,700000.0,ayashii,9.5389,0.0011,-2.3378,8671.727272727272,True,0.0016694,0.013642,
3608,11.5,700000.0,ayashii,10.1034,0.00112,-2.4918,9020.892857142859,True,0.0016694,0.016267,
3608,12.0,700000.0,ayashii,11.3063,0.00103,-2.7932,10976.990291262135,True,,,0.0023428
3609,6.0,700000.0,,1.1208,0.00805,-0.1123,139.22981366459626,True,0.017205,0.044803,
3609,6.5,700000.0,,1.178,0.00859,-0.1128,137.13620488940626,True,0.01098,0.034616,
3609,7.0,700000.0,,1.2508,0.00865,-0.1155,144.60115606936415,True,0.0079221,0.030234,
3609,7.5,700000.0,,1.2971,0.00936,-0.1133,138.57905982905982,True,0.0066408,0.026334,
3609,8.0,700000.0,,1.3574,0.00962,-0.1132,141.1018711018711,True,0.0055003,0.022891,
3609,8.5,700000.0,,1.4177,0.01002,-0.1133,141.4870259481038,True,0.0044865,0.022891,
3609,9.0,700000.0,,1.4765,0.01064,-0.1137,138.76879699248119,True,0.0044865,0.019863,
3609,9.5,700000.0,,1.5349,0.01101,-0.1142,139.40962761126247,True,0.0035873,0.019863,
3609,10.0,700000.0,,1.5952,0.01145,-0.1145,139.3187772925764,True,0.0035873,0.019863,
3609,10.5,700000.0,,1.6553,0.01194,-0.115,138.6348408710218,True,0.0035873,0.017205,
3609,11.0,700000.0,ayashii,7.4168,0.00127,-1.7907,5840.0,True,0.0027956,0.017205,0.99215
3609,11.5,700000.0,,1.7801,0.01236,-0.1188,144.0210355987055,True,0.0027956,0.017205,0.98019
3609,12.0,700000.0,,1.8505,0.01338,-0.1226,138.30343796711512,True,0.0027956,0.017205,0.9589
3609,12.5,700000.0,,1.9375,0.01112,-0.1269,174.23561151079136,True,0.0027956,0.014867,0.94386
3609,13.0,700000.0,,2.0315,0.01428,-0.1571,142.26190476190476,True,0.0021087,0.014867,0.91335
3609,13.5,700000.0,,2.1521,0.01463,-0.172,147.10184552289815,True,0.0021087,0.014867,0.87497
3609,14.0,700000.0,,2.2872,0.01715,-0.1957,133.36443148688048,True,0.0021087,0.014867,0.82871
3609,14.5,700000.0,ayashii,13.3561,0.0009,-3.3656,14840.111111111111,True,0.0021087,0.014867,0.77451
3609,15.0,700000.0,ayashii,12.8969,0.00095,-3.2155,13575.684210526317,True,0.0021087,0.014867,0.7201
3609,15.5,700000.0,ayashii,15.4972,0.00083,-3.9264,18671.32530120482,True,0.0021087,0.014867,0.64993
3609,16.0,700000.0,ayashii,16.3342,0.0008,-4.1747,20417.749999999996,True,,,0.0021087
3610,6.0,700000.0,,1.1302,0.00752,-0.1154,150.2925531914894,True,,,
3610,6.5,700000.0,,1.1879,0.00773,-0.1156,153.67399741267786,True,0.026401,0.057747,
3610,7.0,700000.0,,1.2479,0.00793,-0.1158,157.36443883984867,True,0.016255,0.046775,
3610,7.5,700000.0,,1.3068,0.0082,-0.1163,159.36585365853657,True,0.012556,0.037411,
3610,8.0,700000.0,,1.3654,0.0085,-0.1169,160.63529411764705,True,0.010963,0.033353,
3610,8.5,700000.0,,1.424,0.0089,-0.1175,160.0,True,0.0082045,0.029693,
3610,9.0,700000.0,,1.4839,0.00925,-0.118,160.42162162162163,True,0.0070123,0.026401,
3610,9.5,700000.0,,1.5425,0.00964,-0.1191,160.0103734439834,True,0.0059313,0.023446,
3610,10.0,700000.0,,1.6029,0.00992,-0.1197,161.5826612903226,True,0.0059313,0.023446,0.99702
3610,10.5,700000.0,,1.6632,0.01031,-0.1205,161.31910766246364,True,0.0049535,0.020792,0.98648
3610,11.0,700000.0,,1.7231,0.01073,-0.1216,160.58713886300094,True,0.0049535,0.020792,0.97363
3610,11.5,700000.0,,1.7866,0.0105,-0.1238,170.15238095238095,True,0.0040718,0.020792,0.95166
3610,12.0,700000.0,,1.8441,0.01122,-0.1248,164.35828877005346,True,0.0040718,0.018405,0.93624
3610,12.5,700000.0,,1.9055,0.01152,-0.1273,165.4079861111111,True,0.0032802,0.018405,0.91274
3610,13.0,700000.0,,1.9808,0.0143,-0.1389,138.5174825174825,True,0.0032802,0.018405,0.88907
3610,13.5,700000.0,,2.0332,0.01105,-0.1342,183.99999999999997,True,0.0032802,0.016255,0.86531
3610,14.0,700000.0,,2.11,0.01209,-0.1445,174.52440033085193,True,0.0032802,0.016255,0.83354
3610,14.5,700000.0,,2.1666,0.01089,-0.1456,198.9531680440771,True,0.0032802,0.016255,0.80166
3610,15.0,700000.0,ayashii,2.3663,0.00836,-0.1887,283.05023923444975,True,0.0025771,0.016255,0.7617
3610,15.5,700000.0,,2.3405,0.01015,-0.1643,230.59113300492612,True,0.0025771,0.016255,0.71361
3610,16.0,700000.0,ayashii,12.0188,0.00086,-2.9962,13975.348837209303,True,0.0025771,0.016255,0.66539
3610,16.5,700000.0,ayashii,2.7867,0.01568,-0.2852,177.7232142857143,True,,,0.0025771
3611,6.0,700000.0,,1.1606,0.00629,-0.1218,184.51510333863277,True,,,
3611,6.5,700000.0,,1.1944,0.00705,-0.1176,169.41843971631204,True,,,
3611,7.0,700000.0,,1.2602,0.00733,-0.1193,171.9236016371078,True,0.037006,0.07153,
3611,7.5,700000.0,,1.3156,0.00746,-0.1188,176.35388739946384,True,0.024659,0.059891,
3611,8.0,700000.0,,1.3753,0.00767,-0.1196,179.3089960886571,True,0.017921,0.049639,
3611,8.5,700000.0,,1.4358,0.00791,-0.1206,181.51706700379265,True,0.014305,0.04086,
3611,9.0,700000.0,,1.4979,0.00808,-0.1221,185.38366336633663,True,0.012712,0.037006,1.0
3611,9.5,700000.0,,1.557,0.0083,-0.123,187.59036144578312,True,0.011244,0.033483,0.99694
3611,10.0,700000.0,,1.6149,0.00875,-0.1248,184.55999999999997,True,0.0086478,0.030269,0.98633
3611,10.5,700000.0,,1.6751,0.00892,-0.1257,187.79147982062779,True,0.0075022,0.027336,0.97363
3611,11.0,700000.0,,1.7341,0.00931,-0.1275,186.26208378088077,True,0.0075022,0.024659,0.95929
3611,11.5,700000.0,,1.7949,0.00944,-0.1286,190.13771186440675,True,0.0064499,0.024659,0.94396
3611,12.0,700000.0,,1.8561,0.00967,-0.1304,191.94415718717684,True,0.0064499,0.022212,0.92009
3611,12.5,700000.0,,1.916,0.01032,-0.1331,185.65891472868216,True,0.005486,0.022212,0.90393
3611,13.0,700000.0,,1.9775,0.01019,-0.1356,194.06280667320905,True,0.005486,0.022212,0.87954
3611,13.5,700000.0,,2.0404,0.01041,-0.1388,196.00384245917385,True,0.0046061,0.019973,0.85503
3611,14.0,700000.0,,2.104,0.01056,-0.1427,199.24242424242425,True,0.0046061,0.019973,0.82223
3611,14.5,700000.0,,2.1688,0.01082,-0.1481,200.44362292051758,True,0.0046061,0.019973,0.78933
3611,15.0,700000.0,,2.2365,0.01113,-0.1565,200.9433962264151,True,0.0038063,0.017921,0.75633
3611,15.5,700000.0,,2.2865,0.00993,-0.155,230.2618328298087,True,0.0038063,0.017921,0.72325
3611,16.0,700000.0,,2.3786,0.0113,-0.176,210.49557522123897,True,0.0038063,0.017921,0.68181
3611,16.5,700000.0,,2.4861,0.01158,-0.2025,214.68911917098444,True,0.0038063,0.017921,0.63195
3612,6.0,700000.0,,1.1452,0.00601,-0.1182,190.54908485856905,True,,,
3612,6.5,700000.0,,1.2011,0.0065,-0.1191,184.7846153846154,True,,,
3612,7.0,700000.0,,1.2612,0.00668,-0.1199,188.80239520958085,True,,,
3612,7.5,700000.0,,1.3231,0.00692,-0.121,191.19942196531792,True,0.05812,0.074212,
3612,8.0,700000.0,,1.3873,0.00696,-0.1226,199.32471264367817,True,0.034585,0.068522,1.0
3612,8.5,700000.0,,1.4472,0.00712,-0.1237,203.25842696629215,True,0.026377,0.05812,0.99684
3612,9.0,700000.0,,1.5069,0.00735,-0.1249,205.0204081632653,True,0.021873,0.053419,0.99172
3612,9.5,700000.0,,1.5667,0.00754,-0.1264,207.78514588859417,True,0.017995,0.044996,0.97999
3612,10.0,700000.0,,1.6268,0.00775,-0.1278,209.90967741935484,True,0.014643,0.041247,0.96646
3612,10.5,700000.0,,1.6998,0.00789,-0.1322,215.43726235741445,True,0.01314,0.037783,0.95914
3612,11.0,700000.0,,1.748,0.00802,-0.1309,217.9551122194514,True,0.011739,0.034585,0.94372
3612,11.5,700000.0,,1.8084,0.00823,-0.1329,219.73268529769138,True,0.010436,0.031631,0.92764
3612,12.0,700000.0,,1.8735,0.00844,-0.1363,221.978672985782,True,0.0092245,0.028902,0.91119
3612,12.5,700000.0,,1.9334,0.00869,-0.1385,222.4856156501726,True,0.0080987,0.028902,0.89455
3612,13.0,700000.0,,1.993,0.00888,-0.1409,224.43693693693692,True,0.0080987,0.026377,0.86939
3612,13.5,700000.0,,2.0556,0.00896,-0.144,229.4196428571429,True,0.0070546,0.02404,0.84409
3612,14.0,700000.0,,2.1172,0.00943,-0.1484,224.51749734888654,True,0.0070546,0.02404,0.8187
3612,14.5,700000.0,,2.1762,0.00935,-0.1508,232.74866310160428,True,0.0060892,0.021873,0.78473
3612,15.0,700000.0,,2.2432,0.00947,-0.1564,236.87434002111934,True,0.0060892,0.021873,0.75919
3612,15.5,700000.0,ayashii,2.3092,0.00962,-0.1627,240.04158004158006,True,0.0051992,0.021873,0.72505
3612,16.0,700000.0,ayashii,2.3678,0.00962,-0.1685,246.13305613305613,True,0.0051992,0.021873,0.68226
3612,16.5,700000.0,ayashii,2.4424,0.00985,-0.1791,247.9593908629442,True,0.0051992,0.019863,0.63937
3613,6.0,700000.0,,1.1533,0.00534,-0.1192,215.97378277153558,True,,,
3613,6.5,700000.0,,1.2122,0.00588,-0.1219,206.156462585034,True,,,
3613,7.0,700000.0,,1.2735,0.00594,-0.1218,214.3939393939394,True,,,1.0
3613,7.5,700000.0,,1.339,0.00616,-0.1248,217.3701298701299,True,,,0.99674
3613,8.0,700000.0,,1.3981,0.00634,-0.1261,220.52050473186117,True,,,0.99148
3613,8.5,700000.0,,1.4548,0.00653,-0.1258,222.78713629402756,True,0.053824,0.078161,0.98578
3613,9.0,700000.0,,1.5289,0.00669,-0.1311,228.53512705530642,True,0.039424,0.072686,0.97306
3613,9.5,700000.0,,1.5822,0.00694,-0.1309,227.9827089337176,True,0.02853,0.062653,0.96608
3613,10.0,700000.0,,1.6378,0.007,-0.1306,233.97142857142856,True,0.024096,0.053824,0.95113
3613,10.5,700000.0,,1.7014,0.00723,-0.134,235.3250345781466,True,0.020208,0.049838,0.94325
3613,11.0,700000.0,ayashii,1.7629,0.00724,-0.1354,243.49447513812154,True,0.018443,0.046121,0.92696
3613,11.5,700000.0,ayashii,1.8238,0.00737,-0.1372,247.46268656716418,True,0.016788,0.042655,0.91019
3613,12.0,700000.0,ayashii,1.8841,0.00764,-0.1397,246.60994764397907,True,0.013776,0.039424,0.89313
3613,12.5,700000.0,ayashii,1.9459,0.00766,-0.142,254.03394255874673,True,0.013776,0.036412,0.87591
3613,13.0,700000.0,ayashii,2.0074,0.00782,-0.1448,256.7007672634271,True,0.011125,0.033602,0.85859
3708,6.0,700000.0,,1.2204,0.00986,-0.1434,123.77281947261662,True,0.0062828,0.02702,
3708,6.5,700000.0,,1.3,0.01028,-0.1483,126.45914396887162,True,0.0050471,0.022837,
3708,7.0,700000.0,,1.3436,0.01095,-0.1453,122.70319634703196,True,0.0039759,0.019228,
3708,7.5,700000.0,,1.408,0.01128,-0.1462,124.82269503546098,True,0.0039759,0.019228,
3708,8.0,700000.0,,1.4305,0.0113,-0.1321,126.59292035398232,True,0.0030493,0.019228,
3708,8.5,700000.0,,1.4895,0.01162,-0.1316,128.184165232358,True,0.0030493,0.019228,
3708,9.0,700000.0,ayashii,7.1638,0.00124,-1.7356,5777.258064516129,True,0.0022581,0.016146,
3708,9.5,700000.0,,1.6058,0.01284,-0.1309,125.06230529595014,True,0.0022581,0.016146,
3708,10.0,700000.0,,1.6975,0.01212,-0.1351,140.05775577557756,True,0.0022581,0.016146,
3708,10.5,700000.0,ayashii,9.3598,0.00113,-2.2919,8283.008849557522,True,0.0015942,0.016146,
3708,11.0,700000.0,ayashii,10.4434,0.00109,-2.5904,9581.100917431193,True,0.0015942,0.013521,
3708,11.5,700000.0,ayashii,1.9294,0.02836,-0.1581,68.03244005641749,True,0.59185,0.64589,0.66133
3708,12.0,700000.0,ayashii,12.0275,0.00103,-2.9809,11677.184466019417,True,0.0015942,0.016146,0.95185
3709,6.0,700000.0,,1.2155,0.0093,-0.1436,130.6989247311828,True,0.012656,0.039423,
3709,6.5,700000.0,,1.2911,0.00938,-0.1479,137.64392324093816,True,0.0092185,0.030119,
3709,7.0,700000.0,,1.3388,0.00988,-0.146,135.50607287449392,True,0.007783,0.026202,
3709,7.5,700000.0,,1.4042,0.01014,-0.1475,138.48126232741618,True,0.0053707,0.026202,
3709,8.0,700000.0,,1.4767,0.01044,-0.1509,141.4463601532567,True,0.0043628,0.022747,
3709,8.5,700000.0,,1.4993,0.01037,-0.1376,144.58052073288331,True,0.0043628,0.019715,
3709,9.0,700000.0,,1.5572,0.01117,-0.1377,139.4091316025067,True,0.0043628,0.019715,
3709,9.5,700000.0,,1.617,0.01152,-0.1378,140.36458333333331,True,0.0034698,0.019715,
3709,10.0,700000.0,,1.6761,0.012,-0.1381,139.67499999999998,True,0.0034698,0.019715,
3709,10.5,700000.0,,1.7358,0.01243,-0.1382,139.64601769911505,True,0.0034698,0.017054,
3709,11.0,700000.0,,1.7934,0.0128,-0.1383,140.109375,True,0.0026864,0.017054,1.0
3709,11.5,700000.0,,1.8579,0.01209,-0.139,153.6724565756824,True,0.0026864,0.017054,0.99223
3709,12.0,700000.0,,1.9248,0.01691,-0.1469,113.826138379657,True,0.0026864,0.017054,0.9738
3709,12.5,700000.0,ayashii,10.8585,0.00099,-2.7043,10968.181818181818,True,0.0026864,0.014717,0.95964
3709,13.0,700000.0,ayashii,10.5011,0.00106,-2.5848,9906.698113207547,True,0.0020096,0.014717,0.9301
3709,13.5,700000.0,,2.2625,0.01661,-0.1948,136.21312462372066,True,0.0020096,0.014717,0.89262
3709,14.0,700000.0,,2.4311,0.01943,-0.228,125.12094698919196,True,0.0020096,0.017054,0.83971
3709,14.5,700000.0,ayashii,13.669,0.0009,-3.4396,15187.77777777778,True,0.0020096,0.017054,0.77114
3709,15.0,700000.0,ayashii,2.8368,0.00885,-0.2721,320.54237288135596,True,0.0020096,0.017054,0.66234
3709,15.5,700000.0,ayashii,16.4931,0.00078,-4.196,21145.0,True,0.0020096,0.017054,0.49495
3710,6.0,700000.0,,1.2036,0.00869,-0.1407,138.50402761795166,True,0.02625,0.063947,
3710,6.5,700000.0,,1.3039,0.00847,-0.1512,153.94332939787486,True,0.018229,0.046779,
3710,7.0,700000.0,,1.3348,0.00902,-0.1457,147.9822616407982,True,0.014133,0.041842,
3710,7.5,700000.0,,1.405,0.0092,-0.1494,152.71739130434784,True,0.010785,0.033242,
3710,8.0,700000.0,,1.4772,0.00943,-0.1527,156.6489925768823,True,0.0093416,0.029559,
3710,8.5,700000.0,,1.5551,0.0095,-0.1578,163.69473684210527,True,0.0080322,0.02625,
3710,9.0,700000.0,,1.5647,0.00953,-0.1419,164.18677859391394,True,0.0068445,0.023283,
3710,9.5,700000.0,,1.6219,0.00996,-0.1424,162.84136546184737,True,0.005769,0.023283,
3710,10.0,700000.0,,1.6823,0.01023,-0.1428,164.4477028347996,True,0.0047976,0.020621,0.99705
3710,10.5,700000.0,,1.7403,0.01091,-0.1435,159.51420714940423,True,0.0047976,0.020621,0.99215
3710,11.0,700000.0,,1.8565,0.00928,-0.1547,200.05387931034483,True,0.0039231,0.020621,0.98059
3710,11.5,700000.0,,1.8575,0.01132,-0.1444,164.09010600706713,True,0.0039231,0.018229,0.96716
3710,12.0,700000.0,,1.9188,0.01187,-0.1457,161.65122156697558,True,0.0039231,0.018229,0.95265
3710,12.5,700000.0,,1.9782,0.01211,-0.1471,163.35260115606937,True,0.0039231,0.018229,0.93765
3710,13.0,700000.0,,2.0361,0.01225,-0.1489,166.21224489795915,True,0.0031402,0.018229,0.91477
3710,13.5,700000.0,,2.1101,0.01445,-0.1618,146.02768166089967,True,0.0031402,0.016076,0.89169
3710,14.0,700000.0,,2.1822,0.01006,-0.1583,216.91848906560637,True,0.0031402,0.016076,0.86849
3710,14.5,700000.0,ayashii,2.3829,0.02092,-0.2373,113.90535372848947,True,0.0031402,0.016076,0.83742
3710,15.0,700000.0,ayashii,2.5569,0.02268,-0.2723,112.73809523809526,True,0.0031402,0.016076,0.79055
3710,15.5,700000.0,ayashii,2.714,0.00766,-0.2539,354.30809399477806,True,0.0031402,0.016076,0.74342
3710,16.0,700000.0,ayashii,2.8698,0.00861,-0.2862,333.31010452961675,True,0.0024481,0.016076,0.67117
3710,16.5,700000.0,ayashii,3.8805,0.00419,-0.7302,926.1336515513126,True,,,0.0024481
3711,6.0,700000.0,,1.2198,0.00802,-0.1449,152.09476309226935,True,,,
3711,6.5,700000.0,,1.2801,0.00833,-0.1451,153.6734693877551,True,0.044902,0.071603,
3711,7.0,700000.0,,1.3435,0.00842,-0.1475,159.5605700712589,True,0.027101,0.059846,
3711,7.5,700000.0,,1.4027,0.00856,-0.1483,163.86682242990656,True,0.019733,0.049507,
3711,8.0,700000.0,,1.4843,0.00873,-0.1554,170.02290950744558,True,0.015801,0.044902,
3711,8.5,700000.0,,1.5586,0.00882,-0.1593,176.71201814058958,True,0.012483,0.036798,1.0
3711,9.0,700000.0,,1.592,0.00908,-0.1545,175.33039647577095,True,0.011019,0.033263,0.99697
3711,9.5,700000.0,,1.6542,0.00934,-0.1563,177.10920770877945,True,0.0096726,0.030039,0.99199
3711,10.0,700000.0,,1.6918,0.00876,-0.1472,193.12785388127853,True,0.0084331,0.027101,0.9865
3711,10.5,700000.0,,1.7533,0.00904,-0.1482,193.9491150442478,True,0.0072937,0.027101,0.97406
3711,11.0,700000.0,,1.812,0.00942,-0.1495,192.35668789808918,True,0.0072937,0.02442,0.96723
3711,11.5,700000.0,,1.8731,0.00968,-0.1504,193.5020661157025,True,0.0062486,0.021972,0.95274
3711,12.0,700000.0,,1.9336,0.00988,-0.1516,195.7085020242915,True,0.0052928,0.021972,0.93758
3711,12.5,700000.0,,1.9936,0.01022,-0.1533,195.06849315068493,True,0.0052928,0.021972,0.92208
3711,13.0,700000.0,,2.0528,0.01091,-0.1562,188.1576535288726,True,0.0052928,0.019733,0.9064
3711,13.5,700000.0,,2.1134,0.0107,-0.1582,197.5140186915888,True,0.0044219,0.019733,0.8827
3711,14.0,700000.0,,2.1753,0.01101,-0.1617,197.57493188010898,True,0.0044219,0.019733,0.85886
3711,14.5,700000.0,,2.2372,0.01124,-0.166,199.0391459074733,True,0.0044219,0.019733,0.83491
3711,15.0,700000.0,,2.3026,0.01157,-0.1732,199.01469317199653,True,0.0044219,0.017683,0.80284
3711,15.5,700000.0,,2.3768,0.0117,-0.186,203.14529914529913,True,0.0036319,0.017683,0.76254
3711,16.0,700000.0,,2.484,0.01285,-0.214,193.30739299610894,True,0.0036319,0.017683,0.71381
3711,16.5,700000.0,ayashii,2.5935,0.00898,-0.2183,288.8084632516704,True,0.0036319,0.017683,0.65489
3711,17.0,700000.0,ayashii,2.7491,0.00865,-0.2499,317.8150289017341,True,0.0036319,0.017683,0.58637
3712,6.0,700000.0,,1.2132,0.00756,-0.1428,160.47619047619048,True,,,
3712,6.5,700000.0,,1.273,0.00775,-0.1435,164.25806451612902,True,,,
3712,7.0,700000.0,,1.3469,0.00769,-0.1479,175.14954486345903,True,,,1.0
3712,7.5,700000.0,,1.4005,0.00811,-0.1471,172.68803945745995,True,0.037539,0.074283,0.99687
3712,8.0,700000.0,,1.4785,0.00809,-0.1537,182.75648949320149,True,0.028628,0.063103,0.99687
3712,8.5,700000.0,,1.5295,0.00821,-0.1524,186.29719853836784,True,0.021592,0.053276,0.99181
3712,9.0,700000.0,,1.5923,0.00846,-0.1546,188.21513002364065,True,0.017715,0.04479,0.98628
3712,9.5,700000.0,,1.6571,0.00869,-0.157,190.69044879171463,True,0.015981,0.041019,0.98029
3712,10.0,700000.0,,1.7505,0.00828,-0.1652,211.41304347826087,True,0.012868,0.037539,0.97388
3712,10.5,700000.0,,1.7527,0.00807,-0.1494,217.18711276332093,True,0.011473,0.034328,0.95999
3712,11.0,700000.0,,1.8116,0.00837,-0.1508,216.43966547192352,True,0.010175,0.031364,0.95263
3712,11.5,700000.0,,1.871,0.00857,-0.1519,218.31971995332557,True,0.008969,0.028628,0.93735
3712,12.0,700000.0,,1.9303,0.00872,-0.1535,221.36467889908255,True,0.008969,0.028628,0.92953
3712,12.5,700000.0,,1.9886,0.00928,-0.1555,214.28879310344826,True,0.0078498,0.026099,0.91365
3712,13.0,700000.0,,2.0481,0.00921,-0.157,222.37785016286645,True,0.0078498,0.026099,0.89756
3712,13.5,700000.0,,2.1256,0.0092,-0.1623,231.04347826086956,True,0.0068136,0.02376,0.87322
3712,14.0,700000.0,,2.1858,0.00935,-0.1652,233.7754010695187,True,0.0068136,0.02376,0.8569
3712,14.5,700000.0,,2.2459,0.00949,-0.1687,236.65964172813486,True,0.005857,0.021592,0.82408
3712,15.0,700000.0,ayashii,2.3101,0.00962,-0.1729,240.1351351351351,True,0.005857,0.021592,0.79935
3712,15.5,700000.0,ayashii,2.3746,0.00978,-0.1778,242.80163599182004,True,0.005857,0.021592,0.75791
3712,16.0,700000.0,ayashii,2.4398,0.00994,-0.1841,245.45271629778674,True,0.0049772,0.021592,0.7161
3712,16.5,700000.0,ayashii,2.5078,0.01021,-0.1939,245.62193927522037,True,0.0049772,0.019582,0.66416
3712,17.0,700000.0,ayashii,2.5711,0.00926,-0.1986,277.65658747300216,True,0.0049772,0.019582,0.61092
3713,6.0,700000.0,,1.215,0.00693,-0.1416,175.32467532467533,True,,,0.99677
3713,6.5,700000.0,,1.2865,0.00698,-0.1454,184.31232091690543,True,,,0.99158
3713,7.0,700000.0,,1.3407,0.00747,-0.1459,179.47791164658634,True,,,0.99158
3713,7.5,700000.0,,1.4064,0.00743,-0.1485,189.28667563930014,True,,,0.98596
3713,8.0,700000.0,,1.4604,0.00778,-0.1496,187.7120822622108,True,0.053576,0.083974,0.98596
3713,8.5,700000.0,,1.5281,0.00769,-0.1516,198.71261378413524,True,0.039107,0.072598,0.97994
3713,9.0,700000.0,,1.5944,0.0078,-0.154,204.41025641025644,True,0.030645,0.06247,0.97351
3713,9.5,700000.0,,1.6702,0.00781,-0.1594,213.854033290653,True,0.025902,0.057873,0.96673
3713,10.0,700000.0,,1.7405,0.00789,-0.1634,220.59569074778202,True,0.019873,0.049566,0.95962
3713,10.5,700000.0,,1.7885,0.00805,-0.163,222.17391304347825,True,0.018112,0.045829,0.95225
3713,11.0,700000.0,,1.8863,0.00787,-0.1729,239.68233799237612,True,0.01646,0.042349,0.93688
3713,11.5,700000.0,ayashii,1.8865,0.00753,-0.156,250.531208499336,True,0.01491,0.039107,0.92897
3713,12.0,700000.0,ayashii,1.9456,0.00775,-0.1576,251.04516129032257,True,0.013457,0.036086,0.91283
3713,12.5,700000.0,ayashii,2.0048,0.00796,-0.1595,251.85929648241205,True,0.012094,0.033271,0.90466
3713,13.0,700000.0,ayashii,2.0648,0.00806,-0.1613,256.1786600496278,True,0.010817,0.030645,0.88815
3713,13.5,700000.0,ayashii,2.1223,0.00837,-0.1636,253.56033452807645,True,0.009622,0.030645,0.87151
4408,6.0,700000.0,,1.1571,0.00868,-0.1078,133.30645161290323,True,,,
4408,6.5,700000.0,,1.2318,0.00863,-0.1113,142.73464658169178,True,0.014253,0.043128,
4408,7.0,700000.0,,1.2651,0.00961,-0.1067,131.64412070759624,True,0.0083369,0.0324,
4408,7.5,700000.0,,1.3253,0.00987,-0.1068,134.2755825734549,True,0.0056078,0.023603,
4408,8.0,700000.0,,1.3848,0.01021,-0.1074,135.63173359451517,True,0.0045037,0.020006,
4408,8.5,700000.0,,1.4437,0.01071,-0.1081,134.79925303454715,True,0.0035433,0.020006,
4408,9.0,700000.0,,1.5047,0.01096,-0.1086,137.29014598540147,True,0.0027102,0.016908,
4408,9.5,700000.0,,1.5634,0.01151,-0.1099,135.82971329278888,True,0.0027102,0.016908,
4408,10.0,700000.0,ayashii,6.9197,0.00125,-1.6684,5535.759999999999,True,0.0027102,0.016908,1.0
4408,10.5,700000.0,ayashii,7.4099,0.00122,-1.7854,6073.688524590165,True,0.0019961,0.016908,0.98002
4408,11.0,700000.0,ayashii,8.1334,0.0012,-1.9849,6777.833333333334,True,0.0019961,0.014253,0.95837
4408,11.5,700000.0,ayashii,8.3608,0.00125,-2.0322,6688.639999999999,True,0.0019961,0.014253,0.93577
4408,12.0,700000.0,,1.9348,0.0182,-0.1369,106.3076923076923,True,0.0019961,0.014253,0.90544
4408,12.5,700000.0,,1.9326,0.01293,-0.1233,149.4663573085847,True,0.0013933,0.014253,0.87504
4408,13.0,700000.0,ayashii,10.0245,0.0012,-2.4424,8353.75,True,0.0013933,0.014253,0.83694
4409,6.0,700000.0,,1.1712,0.00761,-0.1113,153.90275952693824,True,,,
4409,6.5,700000.0,,1.2421,0.00768,-0.114,161.73177083333331,True,,,
4409,7.0,700000.0,,1.2806,0.00863,-0.1109,148.38933951332558,True,,,
4409,7.5,700000.0,,1.3329,0.00886,-0.1101,150.44018058690745,True,0.015619,0.04528,
4409,8.0,700000.0,,1.3927,0.00921,-0.111,151.21606948968514,True,0.010025,0.035331,
4409,8.5,700000.0,,1.472,0.00922,-0.1167,159.65292841648588,True,0.0072464,0.027143,
4409,9.0,700000.0,,1.5124,0.00977,-0.1131,154.80040941658137,True,0.0050303,0.023705,
4409,9.5,700000.0,,1.5727,0.01014,-0.1145,155.09861932938855,True,0.0050303,0.020666,
4409,10.0,700000.0,,1.6398,0.01027,-0.118,159.66893865628043,True,0.0040981,0.020666,0.99713
4409,10.5,700000.0,,1.6941,0.01071,-0.1177,158.17927170868344,True,0.0032695,0.017985,0.97356
4409,11.0,700000.0,,1.7559,0.01092,-0.1195,160.7967032967033,True,0.0032695,0.017985,0.94359
4409,11.5,700000.0,,1.8129,0.01117,-0.1226,162.30080572963294,True,0.0032695,0.017985,0.91245
4409,12.0,700000.0,,1.8779,0.01172,-0.1256,160.23037542662115,True,0.0025371,0.015619,0.88113
4409,12.5,700000.0,,1.9421,0.01187,-0.1279,163.61415332771693,True,0.0025371,0.015619,0.84187
4409,13.0,700000.0,,2.0071,0.01211,-0.1317,165.73905862923203,True,0.0025371,0.015619,0.81038
4409,13.5,700000.0,ayashii,9.8188,0.00106,-2.4205,9263.018867924528,True,0.0018985,0.015619,0.77093
4409,14.0,700000.0,,2.1404,0.01266,-0.1484,169.06793048973145,True,0.0018985,0.013527,0.7314
4409,14.5,700000.0,,2.2372,0.01041,-0.155,214.90874159462055,True,0.0018985,0.013527,0.69973
4409,15.0,700000.0,ayashii,11.9565,0.00098,-2.9846,12200.510204081633,True,0.0018985,0.013527,0.66008
4410,6.0,700000.0,,1.2145,0.00521,-0.1178,233.10940499040305,True,,,
4410,6.5,700000.0,,1.2686,0.00596,-0.1183,212.8523489932886,True,,,
4410,7.0,700000.0,,1.2959,0.0078,-0.1147,166.14102564102566,True,,,
4410,7.5,700000.0,,1.3621,0.00794,-0.117,171.54911838790935,True,,,
4410,8.0,700000.0,,1.4018,0.00838,-0.1134,167.27923627684962,True,0.031026,0.048125,
4410,8.5,700000.0,,1.462,0.00851,-0.1146,171.7978848413631,True,0.017296,0.048125,
4410,9.0,700000.0,,1.5231,0.00878,-0.1167,173.4738041002278,True,0.011855,0.038806,
4410,9.5,700000.0,,1.5825,0.00902,-0.1187,175.44345898004434,True,0.0090114,0.031026,1.0
4410,10.0,700000.0,,1.6474,0.00916,-0.1216,179.8471615720524,True,0.0077789,0.027681,0.98663
4410,10.5,700000.0,,1.7083,0.00931,-0.123,183.4908700322234,True,0.0066573,0.024667,0.96669
4410,11.0,700000.0,,1.7664,0.00969,-0.1258,182.2910216718266,True,0.0056382,0.021951,0.94376
4410,11.5,700000.0,,1.8291,0.00988,-0.1281,185.1315789473684,True,0.0047139,0.021951,0.91181
4410,12.0,700000.0,,1.8923,0.01008,-0.1308,187.7281746031746,True,0.0038782,0.019504,0.87951
4410,12.5,700000.0,,1.9553,0.01028,-0.1342,190.20428015564204,True,0.0038782,0.019504,0.84709
4410,13.0,700000.0,,2.0182,0.01068,-0.1387,188.97003745318352,True,0.003126,0.017296,0.80644
4410,13.5,700000.0,,2.0811,0.01079,-0.1437,192.873030583874,True,0.003126,0.017296,0.76568
4410,14.0,700000.0,,2.1478,0.0111,-0.1499,193.4954954954955,True,0.003126,0.017296,0.72483
4410,14.5,700000.0,,2.2152,0.01128,-0.1568,196.38297872340425,True,0.003126,0.017296,0.6839
4410,15.0,700000.0,,2.2848,0.01155,-0.1659,197.81818181818184,True,0.0024533,0.015301,0.64292
4411,6.0,700000.0,ayashii,1.2079,0.00501,-0.1155,241.09780439121758,True,,,
4411,6.5,700000.0,ayashii,1.2785,0.00507,-0.1191,252.16962524654832,True,,,
4411,7.0,700000.0,,1.2893,0.00667,-0.1112,193.2983508245877,True,,,
4411,7.5,700000.0,,1.3703,0.00688,-0.1178,199.171511627907,True,,,
4411,8.0,700000.0,,1.4145,0.00758,-0.1165,186.6094986807388,True,,,
4411,8.5,700000.0,,1.4857,0.00759,-0.1213,195.74440052700922,True,,,
4411,9.0,700000.0,,1.5367,0.00782,-0.1195,196.5089514066496,True,0.031911,0.056431,
4411,9.5,700000.0,,1.6498,0.00693,-0.1324,238.06637806637804,True,0.019212,0.051509,0.99198
4411,10.0,700000.0,,1.6572,0.0082,-0.1241,202.09756097560975,True,0.01548,0.042689,0.97375
4411,10.5,700000.0,,1.7187,0.00838,-0.1267,205.09546539379474,True,0.012316,0.035196,0.95159
4411,11.0,700000.0,,1.7802,0.00854,-0.1297,208.4543325526932,True,0.0096242,0.031911,0.92748
4411,11.5,700000.0,,1.8419,0.00874,-0.133,210.74370709382154,True,0.0084326,0.028904,0.9027
4411,12.0,700000.0,,1.9048,0.00891,-0.1364,213.78226711560046,True,0.007334,0.026153,0.87768
4411,12.5,700000.0,,1.967,0.0091,-0.1402,216.15384615384616,True,0.007334,0.026153,0.84416
4411,13.0,700000.0,,2.0349,0.00918,-0.1451,221.66666666666666,True,0.0063224,0.023635,0.81054
4411,13.5,700000.0,,2.0983,0.00944,-0.1497,222.27754237288136,True,0.0063224,0.021328,0.76838
4411,14.0,700000.0,,2.1621,0.00983,-0.1552,219.94913530010174,True,0.0053932,0.021328,0.73458
4411,14.5,700000.0,,2.2255,0.00971,-0.1601,229.19670442842428,True,0.004542,0.019212,0.69225
4411,15.0,700000.0,,2.293,0.00989,-0.1667,231.85035389282106,True,0.004542,0.019212,0.64985
4412,6.0,700000.0,,1.1781,0.0056,-0.1087,210.375,True,,,
4412,6.5,700000.0,ayashii,1.2909,0.0045,-0.1206,286.8666666666667,True,,,
4412,7.0,700000.0,ayashii,1.3409,0.00496,-0.12,270.34274193548384,True,,,
4412,7.5,700000.0,ayashii,1.4059,0.00521,-0.1228,269.84644913627636,True,,,
4412,8.0,700000.0,,1.4378,0.00646,-0.1205,222.56965944272446,True,,,
4412,8.5,700000.0,,1.4958,0.00679,-0.1233,220.29455081001473,True,,,
4412,9.0,700000.0,,1.5434,0.00718,-0.1214,214.958217270195,True,,,0.99686
4412,9.5,700000.0,,1.6063,0.00732,-0.1237,219.4398907103825,True,,,0.98006
4412,10.0,700000.0,,1.6682,0.00741,-0.126,225.1282051282051,True,0.036617,0.060508,0.95905
4412,10.5,700000.0,,1.7296,0.00758,-0.1293,228.17941952506598,True,0.023501,0.055788,0.94336
4412,11.0,700000.0,,1.7975,0.00757,-0.1332,237.45046235138705,True,0.019486,0.047264,0.9185
4412,11.5,700000.0,ayashii,1.8584,0.00773,-0.1366,240.41397153945667,True,0.016012,0.043443,0.89293
4412,12.0,700000.0,ayashii,1.9216,0.00784,-0.1402,245.10204081632654,True,0.012997,0.036617,0.86706
4413,6.0,700000.0,ayashii,1.2008,0.00494,-0.1119,243.0769230769231,True,,,
4413,6.5,700000.0,ayashii,1.2657,0.00495,-0.1143,255.6969696969697,True,,,
4413,7.0,700000.0,ayashii,1.3404,0.00475,-0.1188,282.18947368421055,True,,,
4413,7.5,700000.0,ayashii,1.368,0.00565,-0.1144,242.12389380530976,True,,,
4413,8.0,700000.0,ayashii,1.4736,0.00497,-0.1251,296.4989939637827,True,,,
4508,6.0,700000.0,,1.2149,0.00844,-0.1294,143.94549763033177,True,0.011845,0.037721,
4508,6.5,700000.0,,1.26,0.00937,-0.1272,134.4717182497332,True,0.008201,0.032474,
4508,7.0,700000.0,,1.3205,0.00954,-0.1272,138.41719077568135,True,0.005476,0.023548,
4508,7.5,700000.0,,1.3798,0.00995,-0.1276,138.67336683417085,True,0.0043761,0.019914,
4508,8.0,700000.0,,1.4385,0.01065,-0.1281,135.07042253521126,True,0.0034208,0.019914,
4508,8.5,700000.0,,1.4989,0.01096,-0.1281,136.7609489051095,True,0.0034208,0.019914,
4508,9.0,700000.0,ayashii,6.3638,0.00121,-1.5438,5259.338842975208,True,0.0025956,0.016794,
4508,9.5,700000.0,,1.6195,0.01178,-0.1284,137.47877758913413,True,0.0025956,0.016794,
4508,10.0,700000.0,,1.6788,0.01161,-0.1289,144.59948320413437,True,0.0025956,0.016794,1.0
4508,10.5,700000.0,,1.736,0.01335,-0.1304,130.0374531835206,True,0.0018923,0.016794,0.98645
4508,11.0,700000.0,,1.7945,0.013,-0.1304,138.03846153846155,True,0.0018923,0.014126,0.97307
4508,11.5,700000.0,ayashii,7.139,0.00136,-1.6817,5249.264705882353,True,0.0018923,0.014126,0.95853
4508,12.0,700000.0,ayashii,10.6837,0.00103,-2.639,10372.524271844659,True,0.0013027,0.014126,0.93618
4508,12.5,700000.0,ayashii,11.11,0.00104,-2.7534,10682.692307692309,True,0.0013027,0.014126,0.90618
4508,13.0,700000.0,,2.2443,0.01016,-0.1923,220.89566929133858,True,0.0013027,0.014126,0.87608
4508,13.5,700000.0,ayashii,13.9121,0.00089,-3.5062,15631.573033707868,True,0.0013027,0.011845,0.82322
4509,6.0,700000.0,,1.2097,0.00796,-0.1296,151.97236180904522,True,,,
4509,6.5,700000.0,,1.264,0.00829,-0.129,152.47285886610373,True,0.020533,0.051272,
4509,7.0,700000.0,,1.3387,0.00843,-0.1332,158.80189798339265,True,0.013347,0.040287,
4509,7.5,700000.0,,1.3817,0.00881,-0.1298,156.83314415437002,True,0.0083693,0.031023,
4509,8.0,700000.0,,1.4675,0.00884,-0.1368,166.00678733031674,True,0.0070607,0.02709,
4509,8.5,700000.0,,1.4998,0.00957,-0.1313,156.71891327063742,True,0.005894,0.023605,
4509,9.0,700000.0,,1.5606,0.00979,-0.1318,159.40755873340143,True,0.0048543,0.020533,
4509,9.5,700000.0,,1.6212,0.01009,-0.1326,160.67393458870168,True,0.0039295,0.020533,0.99713
4509,10.0,700000.0,,1.6793,0.01057,-0.1342,158.87417218543047,True,0.0039295,0.017829,0.98038
4509,10.5,700000.0,,1.7498,0.01086,-0.137,161.12338858195213,True,0.0031099,0.017829,0.95908
4509,11.0,700000.0,,1.8122,0.01124,-0.1384,161.22775800711744,True,0.0031099,0.017829,0.9363
4509,11.5,700000.0,,1.8744,0.0113,-0.1394,165.8761061946903,True,0.0031099,0.017829,0.91321
4509,12.0,700000.0,,1.9345,0.01186,-0.1424,163.11129848229342,True,0.0023902,0.015448,0.89775
4509,12.5,700000.0,ayashii,8.1699,0.00121,-1.9693,6751.983471074381,True,0.0023902,0.015448,0.87452
4509,13.0,700000.0,ayashii,10.2013,0.00098,-2.5293,10409.489795918367,True,0.0023902,0.015448,0.84346
4509,13.5,700000.0,ayashii,10.4681,0.00101,-2.5903,10364.455445544554,True,0.0023902,0.015448,0.8201
4509,14.0,700000.0,ayashii,10.4875,0.00104,-2.5757,10084.134615384617,True,0.0023902,0.013347,0.78889
4509,14.5,700000.0,,2.3407,0.01297,-0.2067,180.47031611410947,True,0.0017678,0.013347,0.75761
4509,15.0,700000.0,,2.4718,0.01655,-0.2334,149.3534743202417,True,0.0017678,0.013347,0.71843
4509,15.5,700000.0,ayashii,14.2883,0.00083,-3.622,17214.819277108432,True,0.0017678,0.013347,0.66342
4510,6.0,700000.0,,1.2156,0.00728,-0.1315,166.97802197802199,True,,,
4510,6.5,700000.0,,1.2729,0.0075,-0.1315,169.72,True,,,
4510,7.0,700000.0,,1.3448,0.00768,-0.1349,175.10416666666666,True,,,
4510,7.5,700000.0,,1.3931,0.00801,-0.1332,173.92009987515607,True,0.021618,0.05325,
4510,8.0,700000.0,,1.4567,0.00821,-0.1352,177.4299634591961,True,0.014993,0.043036,
4510,8.5,700000.0,,1.5158,0.0084,-0.1367,180.45238095238096,True,0.011567,0.034416,
4510,9.0,700000.0,,1.5694,0.00874,-0.1365,179.56521739130434,True,0.0087429,0.030697,0.99214
4510,9.5,700000.0,,1.6301,0.00895,-0.1374,182.13407821229052,True,0.0075205,0.027345,0.98048
4510,10.0,700000.0,,1.6894,0.00926,-0.1391,182.4406047516199,True,0.0064097,0.02433,0.96676
4510,10.5,700000.0,,1.7502,0.0095,-0.1403,184.23157894736843,True,0.0054021,0.021618,0.95181
4510,11.0,700000.0,,1.8114,0.00976,-0.1419,185.59426229508196,True,0.0044902,0.021618,0.92841
4510,11.5,700000.0,,1.8721,0.01015,-0.144,184.4433497536946,True,0.0044902,0.019178,0.90462
4510,12.0,700000.0,,1.9316,0.01034,-0.1464,186.80851063829786,True,0.003668,0.019178,0.8807
4510,12.5,700000.0,,2.0034,0.01053,-0.1512,190.25641025641028,True,0.003668,0.019178,0.85671
4510,13.0,700000.0,,2.0674,0.01086,-0.1548,190.3683241252302,True,0.003668,0.016979,0.82461
4510,13.5,700000.0,,2.1308,0.01122,-0.1593,189.91087344028517,True,0.003668,0.016979,0.80048
4510,14.0,700000.0,,2.1957,0.01174,-0.166,187.02725724020442,True,0.0029306,0.016979,0.76823
4510,14.5,700000.0,,2.2628,0.01194,-0.1725,189.5142378559464,True,0.0029306,0.016979,0.6954
4510,15.0,700000.0,,2.3287,0.01184,-0.179,196.68074324324326,True,0.0029306,0.014993,0.70351
4510,15.5,700000.0,ayashii,2.4819,0.00984,-0.199,252.22560975609755,True,0.0029306,0.014993,0.67106
4511,6.0,700000.0,ayashii,1.2693,0.00513,-0.1402,247.42690058479533,True,,,
4511,6.5,700000.0,,1.3005,0.00633,-0.1371,205.45023696682466,True,,,
4511,7.0,700000.0,,1.3476,0.00711,-0.1359,189.53586497890294,True,,,
4511,7.5,700000.0,,1.4007,0.00725,-0.1352,193.2,True,,,
4511,8.0,700000.0,,1.463,0.00749,-0.1368,195.3271028037383,True,0.046551,0.056162,1.0
4511,8.5,700000.0,,1.5226,0.00762,-0.1379,199.81627296587925,True,0.023214,0.056162,0.99198
4511,9.0,700000.0,,1.5848,0.0078,-0.1404,203.17948717948718,True,0.018812,0.046551,0.98037
4511,9.5,700000.0,,1.6672,0.00771,-0.147,216.23865110246433,True,0.015103,0.042279,0.9668
4511,10.0,700000.0,,1.7155,0.00811,-0.1462,211.5289765721332,True,0.011962,0.034757,0.95184
4511,10.5,700000.0,,1.7644,0.00832,-0.1447,212.0673076923077,True,0.0092942,0.03147,0.9361
4511,11.0,700000.0,,1.8244,0.00862,-0.1472,211.64733178654294,True,0.0092942,0.028466,0.91997
4511,11.5,700000.0,,1.8909,0.00883,-0.1513,214.14496036240092,True,0.0081147,0.025722,0.89545
4511,12.0,700000.0,,1.9449,0.00907,-0.1518,214.4321940463065,True,0.0070287,0.025722,0.87076
4511,12.5,700000.0,,2.0057,0.00958,-0.1551,209.36325678496868,True,0.0060307,0.023214,0.84597
4511,13.0,700000.0,,2.0651,0.00956,-0.1577,216.01464435146443,True,0.0060307,0.023214,0.82111
4511,13.5,700000.0,,2.1297,0.00971,-0.1614,219.33058702368695,True,0.0051162,0.020917,0.79618
4511,14.0,700000.0,,2.1928,0.00988,-0.1654,221.94331983805668,True,0.0051162,0.020917,0.76286
4511,14.5,700000.0,,2.2569,0.01024,-0.1712,220.40039062499997,True,0.0042808,0.018812,0.72945
4511,15.0,700000.0,,2.3202,0.01031,-0.1774,225.04364694471386,True,0.0042808,0.018812,0.70435
4511,15.5,700000.0,,2.3883,0.01053,-0.1847,226.80911680911683,True,0.0035214,0.018812,0.67083
4511,16.0,700000.0,,2.4572,0.01067,-0.1929,230.29053420805994,True,0.0035214,0.01688,0.62886
4512,6.0,700000.0,ayashii,1.2756,0.00457,-0.1406,279.12472647702407,True,,,
4512,6.5,700000.0,,1.2902,0.00575,-0.1328,224.38260869565218,True,,,
4512,7.0,700000.0,,1.3654,0.00602,-0.139,226.81063122923587,True,,,
4512,7.5,700000.0,,1.4086,0.00664,-0.1372,212.13855421686748,True,,,1.0
4512,8.0,700000.0,,1.4741,0.00674,-0.1397,218.70919881305636,True,,,0.99175
4512,8.5,700000.0,,1.534,0.007,-0.1419,219.14285714285714,True,,,0.98008
4512,9.0,700000.0,,1.5946,0.0071,-0.1432,224.59154929577463,True,0.039306,0.065064,0.96656
4512,9.5,700000.0,,1.6566,0.00719,-0.1444,230.40333796940195,True,0.027617,0.059986,0.95159
4512,10.0,700000.0,,1.7164,0.00736,-0.1468,233.2065217391304,True,0.020929,0.050793,0.93569
4512,10.5,700000.0,,1.7773,0.00753,-0.1491,236.0292164674635,True,0.017228,0.04667,0.91924
4512,11.0,700000.0,,1.8421,0.00776,-0.1524,237.3840206185567,True,0.015568,0.039306,0.90251
4512,11.5,700000.0,ayashii,1.9029,0.00776,-0.1539,245.21907216494844,True,0.014022,0.036033,0.88561
4512,12.0,700000.0,ayashii,1.9626,0.00792,-0.1567,247.80303030303028,True,0.01124,0.033006,0.86011
4512,12.5,700000.0,ayashii,2.0229,0.00813,-0.1599,248.81918819188192,True,0.0099903,0.030207,0.84303
4512,13.0,700000.0,ayashii,2.0833,0.00852,-0.1636,244.518779342723,True,0.0088272,0.030207,0.81734
4513,6.0,700000.0,ayashii,1.2896,0.00407,-0.1427,316.8550368550369,True,,,
4513,6.5,700000.0,ayashii,1.3502,0.00428,-0.1443,315.4672897196262,True,,,
4513,7.0,700000.0,ayashii,1.4014,0.00468,-0.1441,299.44444444444446,True,,,1.0
4513,7.5,700000.0,ayashii,1.427,0.00576,-0.14,247.74305555555554,True,,,0.99156
4513,8.0,700000.0,ayashii,1.4983,0.00582,-0.1441,257.4398625429553,True,,,0.97978
4608,6.0,700000.0,,1.2664,0.00922,-0.1505,137.35357917570497,True,0.0080714,0.032465,
4608,6.5,700000.0,,1.3264,0.00938,-0.1502,141.40724946695096,True,0.0053533,0.023457,
4608,7.0,700000.0,,1.3865,0.00971,-0.15,142.79093717816684,True,0.0042584,0.023457,
4608,7.5,700000.0,,1.446,0.0101,-0.15,143.16831683168317,True,0.0042584,0.019801,
4608,8.0,700000.0,,1.5032,0.01095,-0.1503,137.2785388127854,True,0.0033086,0.019801,
4608,8.5,700000.0,,1.5635,0.01144,-0.1499,136.6695804195804,True,0.0033086,0.019801,
4608,9.0,700000.0,,1.6232,0.01197,-0.1495,135.60568086883876,True,0.0024911,0.016668,
4608,9.5,700000.0,,1.6826,0.01209,-0.1493,139.17287014061208,True,0.0024911,0.016668,
4608,10.0,700000.0,ayashii,8.3586,0.00112,-2.0452,7463.035714285714,True,0.0024911,0.016668,
4608,10.5,700000.0,ayashii,8.9329,0.0011,-2.1867,8120.818181818181,True,0.0017979,0.016668,1.0
4608,11.0,700000.0,,1.8942,0.01218,-0.1558,155.51724137931035,True,0.0017979,0.013995,0.99718
4608,11.5,700000.0,ayashii,10.831,0.00102,-2.6812,10618.627450980392,True,0.0017979,0.016668,0.98013
4608,12.0,700000.0,,2.02,0.01986,-0.1657,101.71198388721048,True,0.0012212,0.016668,0.95167
4608,12.5,700000.0,ayashii,2.2502,0.03323,-0.2403,67.71591934998494,True,0.0012212,0.016668,0.91483
4608,13.0,700000.0,,2.2784,0.01397,-0.1975,163.09234073013602,True,0.0012212,0.013995,0.88517
4608,13.5,700000.0,,2.3745,0.01523,-0.2084,155.90938936309914,True,0.0012212,0.013995,0.83298
4608,14.0,700000.0,ayashii,2.6059,0.02166,-0.2634,120.30932594644507,True,0.0012212,0.013995,0.7579
4609,6.0,700000.0,,1.2891,0.00744,-0.1557,173.26612903225805,True,0.020347,0.051372,
4609,6.5,700000.0,,1.3473,0.00822,-0.1569,163.90510948905109,True,0.013159,0.040248,
4609,7.0,700000.0,,1.3959,0.00862,-0.1546,161.93735498839908,True,0.0096562,0.030892,
4609,7.5,700000.0,,1.4563,0.00882,-0.1546,165.11337868480726,True,0.0068892,0.026932,
4609,8.0,700000.0,,1.5248,0.00936,-0.1579,162.90598290598288,True,0.0057286,0.02343,
4609,8.5,700000.0,,1.574,0.00968,-0.1556,162.60330578512398,True,0.0046959,0.02343,
4609,9.0,700000.0,,1.6344,0.01003,-0.1558,162.95114656031905,True,0.0037792,0.020347,0.99714
4609,9.5,700000.0,,1.6949,0.01041,-0.1561,162.8146013448607,True,0.0037792,0.020347,0.98671
4609,10.0,700000.0,,1.7539,0.01095,-0.1567,160.17351598173516,True,0.0037792,0.01764,0.97383
4609,10.5,700000.0,,1.8115,0.01163,-0.1578,155.76096302665522,True,0.0029689,0.01764,0.95953
4609,11.0,700000.0,,1.8723,0.01184,-0.1587,158.13344594594597,True,0.0029689,0.01764,0.95214
4609,11.5,700000.0,ayashii,8.6271,0.0011,-2.1169,7842.818181818182,True,0.0029689,0.01764,0.93716
4609,12.0,700000.0,ayashii,8.7675,0.00113,-2.1393,7758.849557522124,True,0.0029689,0.015258,0.92205
4609,12.5,700000.0,,2.0523,0.01199,-0.1639,171.16763969974977,True,0.0022613,0.015258,0.90688
4609,13.0,700000.0,,2.1233,0.0153,-0.1743,138.77777777777777,True,0.0022613,0.015258,0.88404
4609,13.5,700000.0,ayashii,11.8121,0.00093,-2.9547,12701.182795698924,True,0.0022613,0.015258,0.86112
4609,14.0,700000.0,ayashii,11.3206,0.00098,-2.7973,11551.632653061226,True,0.0022613,0.015258,0.83046
4609,14.5,700000.0,,2.4799,0.01552,-0.2355,159.78737113402062,True,0.0022613,0.013159,0.79968
4609,15.0,700000.0,ayashii,2.7458,0.0122,-0.34,225.0655737704918,True,0.0016535,0.013159,0.74557
4610,6.0,700000.0,,1.2842,0.00719,-0.1558,178.60917941585535,True,,,
4610,6.5,700000.0,,1.3461,0.00743,-0.1569,181.17092866756394,True,0.038266,0.058843,
4610,7.0,700000.0,,1.3951,0.00779,-0.1552,179.08857509627728,True,0.021331,0.053119,
4610,7.5,700000.0,,1.5177,0.00683,-0.1691,222.21083455344072,True,0.014727,0.042808,1.0
4610,8.0,700000.0,,1.5231,0.00817,-0.1588,186.42594859241123,True,0.011315,0.038266,0.99707
4610,8.5,700000.0,,1.5812,0.00856,-0.1599,184.7196261682243,True,0.0098441,0.030408,0.99218
4610,9.0,700000.0,,1.6425,0.00876,-0.1603,187.5,True,0.0085078,0.027052,0.98062
4610,9.5,700000.0,,1.7026,0.00907,-0.161,187.71775082690186,True,0.0061924,0.024038,0.97405
4610,10.0,700000.0,,1.7611,0.00969,-0.1621,181.74406604747162,True,0.0061924,0.024038,0.95985
4610,10.5,700000.0,,1.8205,0.00981,-0.1632,185.57594291539246,True,0.0051946,0.021331,0.94484
4610,11.0,700000.0,,1.8801,0.01022,-0.1642,183.9628180039139,True,0.0042935,0.021331,0.92948
4610,11.5,700000.0,,1.9398,0.01059,-0.1654,183.17280453257789,True,0.0042935,0.018897,0.92173
4610,12.0,700000.0,,1.9995,0.01103,-0.1671,181.27833182230282,True,0.003483,0.018897,0.89835
4610,12.5,700000.0,,2.0573,0.01102,-0.1687,186.68784029038113,True,0.003483,0.018897,0.88268
4610,13.0,700000.0,,2.1198,0.01152,-0.1715,184.01041666666666,True,0.003483,0.016705,0.85911
4610,13.5,700000.0,,2.1797,0.01175,-0.1747,185.5063829787234,True,0.003483,0.016705,0.83545
4610,14.0,700000.0,,2.2549,0.01385,-0.1881,162.8086642599278,True,0.002759,0.016705,0.81172
4610,14.5,700000.0,,2.2976,0.01172,-0.1831,196.04095563139933,True,0.002759,0.016705,0.78792
4610,15.0,700000.0,ayashii,2.4197,0.00914,-0.1977,264.73741794310723,True,0.002759,0.014727,0.75609
4610,15.5,700000.0,ayashii,2.5672,0.01852,-0.2669,138.61771058315338,True,0.002759,0.014727,0.72417
4610,16.0,700000.0,ayashii,2.7394,0.01936,-0.3024,141.4979338842975,True,0.002759,0.014727,0.69217
4610,16.5,700000.0,ayashii,2.9185,0.00707,-0.297,412.80056577086276,True,0.002759,0.014727,0.64403
4611,6.0,700000.0,,1.2855,0.00661,-0.1565,194.47806354009077,True,,,
4611,6.5,700000.0,,1.3463,0.00684,-0.1573,196.82748538011697,True,,,1.0
4611,7.0,700000.0,,1.4049,0.00697,-0.1578,201.56384505021524,True,,,0.99698
4611,7.5,700000.0,,1.4771,0.00712,-0.1622,207.45786516853934,True,0.034377,0.06702,0.99202
4611,8.0,700000.0,,1.5242,0.0074,-0.1594,205.97297297297297,True,0.022845,0.055902,0.98653
4611,8.5,700000.0,,1.5834,0.00761,-0.1604,208.0683311432326,True,0.01846,0.046213,0.97404
4611,9.0,700000.0,,1.6433,0.0078,-0.1614,210.67948717948718,True,0.014769,0.041919,0.96715
4611,9.5,700000.0,,1.7017,0.00802,-0.1624,212.18204488778056,True,0.011646,0.034377,0.95994
4611,10.0,700000.0,,1.7609,0.00827,-0.1638,212.92623941958888,True,0.010268,0.031088,0.94484
4611,10.5,700000.0,,1.8191,0.00862,-0.1654,211.0324825986079,True,0.008998,0.028087,0.93708
4611,11.0,700000.0,,1.8908,0.00887,-0.1693,213.16798196166857,True,0.007829,0.028087,0.9213
4611,11.5,700000.0,,1.9505,0.00907,-0.1712,215.04961411245864,True,0.0067542,0.025348,0.90534
4611,12.0,700000.0,,2.0122,0.00924,-0.1729,217.77056277056278,True,0.0057682,0.022845,0.88928
4611,12.5,700000.0,,2.0735,0.00941,-0.1749,220.35069075451648,True,0.0057682,0.022845,0.87315
4611,13.0,700000.0,,2.1332,0.00989,-0.1777,215.69261880687563,True,0.0048665,0.020557,0.84885
4611,13.5,700000.0,,2.1923,0.01001,-0.1805,219.010989010989,True,0.0048665,0.020557,0.8326
4611,14.0,700000.0,,2.2547,0.01024,-0.1838,220.185546875,True,0.0048665,0.01846,0.80816
4611,14.5,700000.0,,2.3171,0.01041,-0.1877,222.5840537944284,True,0.0040453,0.01846,0.78363
4611,15.0,700000.0,,2.3798,0.01062,-0.1926,224.08662900188324,True,0.0040453,0.01846,0.75083
4611,15.5,700000.0,,2.4433,0.01086,-0.199,224.98158379373848,True,0.0040453,0.01846,0.71793
4611,16.0,700000.0,ayashii,2.5104,0.01127,-0.2096,222.75066548358475,True,0.0033011,0.01846,0.68493
4611,16.5,700000.0,ayashii,2.5749,0.01106,-0.2168,232.8119349005425,True,0.0033011,0.016536,0.65186
4612,6.0,700000.0,ayashii,1.3512,0.00466,-0.1686,289.95708154506434,True,,,0.99688
4612,6.5,700000.0,,1.3589,0.00609,-0.1605,223.13628899835797,True,,,0.99181
4612,7.0,700000.0,,1.4269,0.00641,-0.1632,222.6053042121685,True,,,0.98627
4612,7.5,700000.0,,1.4781,0.00654,-0.1623,226.0091743119266,True,,,0.98026
4612,8.0,700000.0,,1.5605,0.00655,-0.1689,238.2442748091603,True,,,0.9738
4612,8.5,700000.0,,1.5973,0.00694,-0.1646,230.15850144092218,True,0.038841,0.070223,0.95975
4612,9.0,700000.0,,1.6572,0.00712,-0.1658,232.75280898876406,True,0.027158,0.059635,0.95228
4612,9.5,700000.0,,1.7167,0.0073,-0.167,235.16438356164383,True,0.020494,0.050371,0.94459
4612,10.0,700000.0,ayashii,1.7938,0.00734,-0.1724,244.38692098092642,True,0.016811,0.046226,0.93674
4612,10.5,700000.0,ayashii,1.8371,0.00752,-0.1692,244.29521276595744,True,0.015161,0.038841,0.9207
4612,11.0,700000.0,ayashii,1.8958,0.00781,-0.1714,242.74007682458387,True,0.012196,0.035565,0.90437
4612,11.5,700000.0,ayashii,1.9545,0.00805,-0.1733,242.7950310559006,True,0.010865,0.032539,0.89614
4613,6.0,700000.0,ayashii,1.3596,0.00416,-0.1696,326.8269230769231,True,,,0.98598
4613,6.5,700000.0,ayashii,1.406,0.00457,-0.1683,307.65864332603934,True,,,0.97993
4613,7.0,700000.0,ayashii,1.4342,0.00554,-0.1639,258.8808664259928,True,,,0.97346
4613,7.5,700000.0,ayashii,1.4895,0.00589,-0.1649,252.8862478777589,True,,,0.96661
4613,8.0,700000.0,ayashii,1.5502,0.00605,-0.1661,256.2314049586777,True,,,0.95941
4708,6.0,700000.0,,1.3681,0.00995,-0.1839,137.49748743718592,True,0.0052557,0.027691,
4708,6.5,700000.0,,1.4652,0.00978,-0.1916,149.8159509202454,True,0.004163,0.023431,
4708,7.0,700000.0,,1.531,0.01008,-0.1927,151.88492063492063,True,0.004163,0.019747,
4708,7.5,700000.0,,1.568,0.01077,-0.1887,145.5896007428041,True,0.0032164,0.019747,
4708,8.0,700000.0,,1.645,0.01167,-0.1934,140.95972579263068,True,0.0032164,0.019747,
4708,8.5,700000.0,,1.7168,0.01196,-0.195,143.54515050167225,True,0.0032164,0.016595,
4708,9.0,700000.0,,1.7928,0.01234,-0.1984,145.2836304700162,True,0.0024045,0.016595,
4708,9.5,700000.0,,1.8438,0.01186,-0.1957,155.4637436762226,True,0.0024045,0.016595,
4708,10.0,700000.0,ayashii,9.9406,0.00155,-2.4808,6413.290322580645,True,0.0017189,0.016595,
4708,10.5,700000.0,ayashii,9.7793,0.00161,-2.426,6074.099378881987,True,0.0017189,0.01391,
4708,11.0,700000.0,,2.0468,0.01135,-0.1886,180.33480176211455,True,0.0017189,0.016595,
4708,11.5,700000.0,ayashii,11.5211,0.00102,-2.8528,11295.196078431372,True,0.0011533,0.016595,0.98053
4708,12.0,700000.0,ayashii,12.293,0.00101,-3.0656,12171.28712871287,True,0.0011533,0.016595,0.94576
4708,12.5,700000.0,,2.2962,0.01604,-0.2108,143.15461346633415,True,0.0011533,0.019747,0.88807
4708,13.0,700000.0,,2.4228,0.01589,-0.2243,152.47325361862806,True,0.0011533,0.01391,0.87352
4708,13.5,700000.0,ayashii,2.5725,0.01877,-0.2519,137.05380927011188,True,0.0011533,0.037901,0.37033
4709,6.0,700000.0,,1.3894,0.0086,-0.1894,161.5581395348837,True,0.013042,0.040364,
4709,6.5,700000.0,,1.4344,0.00933,-0.1875,153.7406216505895,True,0.0095317,0.035387,
4709,7.0,700000.0,,1.4916,0.00959,-0.1873,155.53701772679875,True,0.0080669,0.026897,
4709,7.5,700000.0,,1.5594,0.00983,-0.1894,158.63682604272634,True,0.0056051,0.023365,
4709,8.0,700000.0,,1.6409,0.01025,-0.1958,160.0878048780488,True,0.0045754,0.023365,1.0
4709,8.5,700000.0,,1.7303,0.00998,-0.2024,173.37675350701403,True,0.0045754,0.020262,0.99718
4709,9.0,700000.0,,1.7524,0.01085,-0.1945,161.51152073732717,True,0.0036626,0.020262,0.9924
4709,9.5,700000.0,,1.8156,0.01127,-0.1953,161.1002661934339,True,0.0036626,0.020262,0.98695
4709,10.0,700000.0,,1.8821,0.01173,-0.198,160.45183290707587,True,0.0036626,0.017539,0.98092
4709,10.5,700000.0,,1.9694,0.015,-0.2048,131.29333333333335,True,0.0028582,0.017539,0.97442
4709,11.0,700000.0,,2.0189,0.01258,-0.2031,160.48489666136726,True,0.0028582,0.017539,0.96761
4709,11.5,700000.0,,2.0165,0.01285,-0.1857,156.92607003891052,True,0.0028582,0.015148,0.96059
4709,12.0,700000.0,,2.0978,0.01175,-0.1909,178.53617021276594,True,0.0028582,0.015148,0.94622
4709,12.5,700000.0,,2.1387,0.01538,-0.192,139.05721716514955,True,0.0021593,0.015148,0.93164
4709,13.0,700000.0,,2.2352,0.01971,-0.2091,113.40436326737697,True,0.0021593,0.015148,0.90959
4709,13.5,700000.0,ayashii,12.5988,0.0009,-3.1607,13998.666666666668,True,0.0021593,0.015148,0.88739
4709,14.0,700000.0,ayashii,2.621,0.00865,-0.2496,303.0057803468208,True,0.0021593,0.015148,0.8576
4709,14.5,700000.0,ayashii,15.7121,0.00075,-4.0131,20949.466666666667,True,0.0021593,0.013042,0.82011
4709,15.0,700000.0,ayashii,15.6164,0.00078,-3.9759,20021.02564102564,True,0.0015623,0.013042,0.75963
4709,15.5,700000.0,ayashii,3.0835,0.00837,-0.3206,368.3990442054958,True,0.0015623,0.015148,0.66655
4710,6.0,700000.0,,1.3729,0.00835,-0.1857,164.41916167664672,True,0.042865,0.059115,0.99711
4710,6.5,700000.0,,1.4411,0.00858,-0.1888,167.96037296037295,True,0.023923,0.053311,0.99711
4710,7.0,700000.0,,1.5138,0.00855,-0.1932,177.05263157894737,True,0.014573,0.042865,0.99711
4710,7.5,700000.0,,1.5645,0.00898,-0.1924,174.22048997772828,True,0.011157,0.03827,0.9923
4710,8.0,700000.0,,1.6183,0.00932,-0.1922,173.637339055794,True,0.0096846,0.030338,0.98693
4710,8.5,700000.0,,1.7274,0.00897,-0.2041,192.5752508361204,True,0.0083486,0.026956,0.98693
4710,9.0,700000.0,,1.7498,0.00969,-0.1963,180.57791537667697,True,0.0071363,0.023923,0.98102
4710,9.5,700000.0,,1.8221,0.00992,-0.2003,183.67943548387098,True,0.0060376,0.023923,0.97465
4710,10.0,700000.0,,1.8867,0.01052,-0.2023,179.34410646387835,True,0.0050438,0.021202,0.96793
4710,10.5,700000.0,,1.945,0.01043,-0.2032,186.48130393096835,True,0.0050438,0.021202,0.96094
4710,11.0,700000.0,,2.0119,0.01088,-0.2065,184.91727941176467,True,0.0041481,0.018757,0.94649
4710,11.5,700000.0,,2.0858,0.01123,-0.2115,185.73463935886016,True,0.0041481,0.018757,0.93911
4710,12.0,700000.0,,2.1521,0.01009,-0.2134,213.29038652130822,True,0.003344,0.018757,0.92421
4710,12.5,700000.0,,2.1413,0.0117,-0.1932,183.01709401709402,True,0.003344,0.018757,0.90918
4710,13.0,700000.0,,2.1998,0.0121,-0.1946,181.801652892562,True,0.003344,0.016557,0.89406
4710,13.5,700000.0,,2.258,0.01216,-0.196,185.6907894736842,True,0.003344,0.016557,0.87888
4710,14.0,700000.0,,2.3147,0.01183,-0.1975,195.66356720202876,True,0.0026289,0.016557,0.856
4710,14.5,700000.0,,2.3744,0.01202,-0.1987,197.53743760399337,True,0.0026289,0.016557,0.833
4710,15.0,700000.0,ayashii,2.584,0.01662,-0.2669,155.47533092659447,True,0.0026289,0.014573,0.80217
4710,15.5,700000.0,ayashii,2.774,0.01955,-0.3123,141.8925831202046,True,0.0026289,0.014573,0.77118
4710,16.0,700000.0,ayashii,2.9711,0.007,-0.3077,424.4428571428571,True,0.0026289,0.014573,0.71651
4710,16.5,700000.0,ayashii,3.1071,0.00777,-0.3326,399.88416988416986,True,0.0026289,0.014573,0.65125
4710,17.0,700000.0,ayashii,3.1242,0.01315,-0.3458,237.58174904942965,True,0.0026289,0.014573,0.57642
4711,6.0,700000.0,,1.3868,0.0077,-0.1892,180.1038961038961,True,,,0.98679
4711,6.5,700000.0,,1.4545,0.00797,-0.1919,182.49686323713928,True,,,0.98679
4711,7.0,700000.0,,1.4999,0.00813,-0.1894,184.48954489544894,True,0.037928,0.06737,0.98094
4711,7.5,700000.0,,1.5822,0.00812,-0.1968,194.85221674876846,True,0.022678,0.05608,0.98094
4711,8.0,700000.0,,1.6566,0.00826,-0.2012,200.55690072639226,True,0.018274,0.046256,0.97466
4711,8.5,700000.0,,1.6813,0.00865,-0.1934,194.3699421965318,True,0.014573,0.04191,0.97466
4711,9.0,700000.0,,1.7539,0.00866,-0.1983,202.52886836027716,True,0.011447,0.03429,0.96801
4711,9.5,700000.0,,1.8257,0.0088,-0.2021,207.4659090909091,True,0.010068,0.030973,0.96108
4711,10.0,700000.0,,1.9018,0.00899,-0.2081,211.54616240266964,True,0.0087996,0.02795,0.95391
4711,10.5,700000.0,,1.9717,0.00897,-0.2109,219.81047937569676,True,0.0076328,0.025194,0.94659
4711,11.0,700000.0,,2.0231,0.00926,-0.2107,218.47732181425488,True,0.0065616,0.025194,0.93914
4711,11.5,700000.0,,2.1063,0.00931,-0.2183,226.2406015037594,True,0.0065616,0.022678,0.92401
4711,12.0,700000.0,,2.1723,0.0094,-0.2206,231.09574468085106,True,0.0055806,0.022678,0.91637
4711,12.5,700000.0,,2.2374,0.00944,-0.223,237.01271186440678,True,0.0046854,0.020379,0.90098
4711,13.0,700000.0,,2.2093,0.01035,-0.1996,213.45893719806762,True,0.0046854,0.020379,0.88549
4711,13.5,700000.0,,2.2658,0.01087,-0.2017,208.44526218951242,True,0.0046854,0.020379,0.86993
4711,14.0,700000.0,,2.3225,0.01079,-0.2033,215.24559777571827,True,0.0038719,0.018274,0.84646
4711,14.5,700000.0,,2.3803,0.01132,-0.2068,210.273851590106,True,0.0038719,0.018274,0.82286
4711,15.0,700000.0,,2.4384,0.01156,-0.2103,210.9342560553633,True,0.0038719,0.018274,0.79915
4711,15.5,700000.0,ayashii,2.5008,0.01174,-0.2164,213.01533219761498,True,0.0038719,0.018274,0.76738
4711,16.0,700000.0,ayashii,2.5702,0.01181,-0.2275,217.62912785774768,True,0.0031368,0.016344,0.72737
4711,16.5,700000.0,ayashii,2.6873,0.01248,-0.2577,215.32852564102564,True,0.0031368,0.016344,0.68631
4711,17.0,700000.0,ayashii,2.8721,0.01525,-0.3152,188.3344262295082,True,0.0031368,0.016344,0.63488
4712,6.0,700000.0,,1.3848,0.00717,-0.1886,193.13807531380752,True,,,0.97446
4712,6.5,700000.0,,1.4485,0.00736,-0.19,196.80706521739128,True,,,0.97446
4712,7.0,700000.0,,1.53,0.00739,-0.1971,207.0365358592693,True,,,0.97446
4712,7.5,700000.0,,1.5772,0.00769,-0.195,205.09752925877763,True,0.054941,0.070579,0.96785
4712,8.0,700000.0,,1.6162,0.00806,-0.1906,200.5210918114144,True,0.035431,0.070579,0.96785
4712,8.5,700000.0,,1.6795,0.00821,-0.194,204.5676004872107,True,0.026961,0.059812,0.96095
4712,9.0,700000.0,,1.7974,0.00768,-0.2083,234.03645833333334,True,0.020263,0.050409,0.95379
4712,9.5,700000.0,,1.8369,0.00822,-0.2058,223.46715328467153,True,0.016569,0.042325,0.94644
4712,10.0,700000.0,ayashii,1.9188,0.00782,-0.2107,245.3708439897698,True,0.014916,0.03874,0.93894
4712,10.5,700000.0,,1.9464,0.00843,-0.2064,230.8896797153025,True,0.011948,0.035431,0.93133
4712,11.0,700000.0,,2.0092,0.00864,-0.2089,232.54629629629628,True,0.010618,0.032379,0.92363
4712,11.5,700000.0,,2.0711,0.00883,-0.211,234.55266138165348,True,0.0093818,0.029563,0.91586
4712,12.0,700000.0,ayashii,2.1683,0.00844,-0.2211,256.9075829383886,True,0.0093818,0.029563,0.90804
4712,12.5,700000.0,ayashii,2.2036,0.00888,-0.2187,248.1531531531531,True,0.0082341,0.026961,0.89229
4712,13.0,700000.0,ayashii,2.266,0.00903,-0.2214,250.94130675526026,True,0.0071702,0.024555,0.87641
4712,13.5,700000.0,ayashii,2.283,0.00919,-0.2073,248.42219804134928,True,0.0071702,0.024555,0.86045
4713,6.0,700000.0,,1.3909,0.00662,-0.1885,210.10574018126889,True,,,0.96751
4713,6.5,700000.0,,1.4735,0.00684,-0.1958,215.42397660818716,True,,,0.96751
4713,7.0,700000.0,,1.5209,0.00712,-0.194,213.60955056179776,True,,,0.96061
4713,7.5,700000.0,,1.5973,0.00715,-0.1997,223.3986013986014,True,,,0.96061
4713,8.0,700000.0,,1.6286,0.00739,-0.1937,220.3788903924222,True,,,0.95345
4713,8.5,700000.0,ayashii,1.7341,0.00704,-0.2052,246.32102272727272,True,0.047426,0.080788,0.94608
4713,9.0,700000.0,,1.7652,0.00748,-0.2003,235.98930481283426,True,0.037342,0.069711,0.94608
4713,9.5,700000.0,,1.8168,0.00772,-0.2008,235.33678756476684,True,0.029186,0.059892,0.93854
4713,10.0,700000.0,ayashii,1.8832,0.00778,-0.2043,242.05655526992288,True,0.022548,0.055446,0.93086
4713,10.5,700000.0,ayashii,1.9491,0.00782,-0.2067,249.24552429667517,True,0.020614,0.047426,0.92307
4713,11.0,700000.0,ayashii,2.0226,0.0078,-0.2113,259.3076923076923,True,0.017104,0.043822,0.91519
4713,11.5,700000.0,ayashii,2.0899,0.00783,-0.2149,266.9093231162197,True,0.015512,0.040467,0.90725
5408,6.0,700000.0,,1.2788,0.00853,-0.1373,149.9179366940211,True,,,
5408,6.5,700000.0,,1.3379,0.00877,-0.1373,152.55416191562145,True,,,
5408,7.0,700000.0,,1.384,0.00924,-0.135,149.78354978354977,True,0.014388,0.03762,
5408,7.5,700000.0,,1.4448,0.00942,-0.1353,153.37579617834396,True,0.0069774,0.027871,
5408,8.0,700000.0,,1.5035,0.00984,-0.1364,152.7947154471545,True,0.0045924,0.023752,
5408,8.5,700000.0,,1.5637,0.01012,-0.1373,154.51581027667984,True,0.0036256,0.020156,
5408,9.0,700000.0,,1.632,0.01035,-0.14,157.68115942028984,True,0.0027853,0.017052,
5408,9.5,700000.0,,1.6937,0.0107,-0.1416,158.28971962616822,True,0.0027853,0.017052,0.99236
5408,10.0,700000.0,,1.7545,0.01126,-0.1435,155.8170515097691,True,0.0027853,0.017052,0.96614
5408,10.5,700000.0,,1.816,0.01145,-0.1449,158.60262008733625,True,0.002061,0.017052,0.93619
5408,11.0,700000.0,ayashii,8.2004,0.00109,-1.9984,7523.302752293578,True,0.002061,0.014388,0.90587
5408,11.5,700000.0,ayashii,8.7571,0.00107,-2.1353,8184.205607476635,True,0.002061,0.014388,0.87546
5408,12.0,700000.0,,1.9996,0.01301,-0.1529,153.69715603382014,True,0.0014467,0.014388,0.84496
5408,12.5,700000.0,ayashii,9.7713,0.0011,-2.4032,8883.0,True,0.0014467,0.014388,0.8144
5408,13.0,700000.0,ayashii,11.1143,0.00098,-2.745,11341.122448979593,True,0.0014467,0.012103,0.78376
5408,13.5,700000.0,ayashii,11.6861,0.001,-2.909,11686.1,True,0.0014467,0.012103,0.76074
5409,6.0,700000.0,ayashii,1.3276,0.00545,-0.1447,243.59633027522935,True,,,
5409,6.5,700000.0,,1.3497,0.00763,-0.1394,176.89384010484926,True,,,
5409,7.0,700000.0,,1.408,0.00825,-0.141,170.66666666666666,True,,,
5409,7.5,700000.0,,1.4652,0.00849,-0.1415,172.5795053003534,True,,,
5409,8.0,700000.0,,1.5186,0.00878,-0.1412,172.96127562642369,True,0.015801,0.045535,
5409,8.5,700000.0,,1.5717,0.00911,-0.1408,172.52469813391878,True,0.010162,0.035614,
5409,9.0,700000.0,,1.6324,0.00932,-0.1423,175.1502145922747,True,0.0073625,0.027406,1.0
5409,9.5,700000.0,,1.6994,0.00957,-0.1465,177.57575757575756,True,0.0051299,0.023949,0.98682
5409,10.0,700000.0,,1.7532,0.00986,-0.1462,177.80933062880325,True,0.0041899,0.020888,0.9593
5409,10.5,700000.0,,1.8147,0.01019,-0.1485,178.0863591756624,True,0.0033532,0.018186,0.9363
5409,11.0,700000.0,,1.8853,0.01046,-0.153,180.23900573613764,True,0.0033532,0.018186,0.90511
5409,11.5,700000.0,,1.947,0.01069,-0.1558,182.132834424696,True,0.0026116,0.015801,0.87376
5409,12.0,700000.0,,2.0099,0.01093,-0.1587,183.88838060384262,True,0.0026116,0.015801,0.84232
5409,12.5,700000.0,,2.1423,0.00902,-0.1773,237.50554323725055,True,0.0026116,0.015801,0.80289
5409,13.0,700000.0,,2.1317,0.01171,-0.1673,182.04099060631938,True,0.0019606,0.015801,0.76335
5409,13.5,700000.0,,2.1968,0.01191,-0.1706,184.45004198152813,True,0.0019606,0.015801,0.73163
5409,14.0,700000.0,,2.2622,0.01218,-0.1757,185.73070607553367,True,0.0019606,0.013691,0.69986
5409,14.5,700000.0,ayashii,11.2044,0.00092,-2.7952,12178.695652173912,True,0.0019606,0.013691,0.66804
5410,6.0,700000.0,ayashii,1.3313,0.00495,-0.1443,268.9494949494949,True,,,
5410,6.5,700000.0,,1.3481,0.00617,-0.1369,218.49270664505673,True,,,
5410,7.0,700000.0,ayashii,1.4548,0.00592,-0.1486,245.74324324324326,True,,,
5410,7.5,700000.0,,1.4758,0.00771,-0.1441,191.41374837872894,True,,,
5410,8.0,700000.0,,1.5259,0.00802,-0.1429,190.26184538653368,True,,,
5410,8.5,700000.0,,1.5863,0.00824,-0.1447,192.5121359223301,True,,,
5410,9.0,700000.0,,1.6453,0.0084,-0.1461,195.86904761904762,True,0.022241,0.048602,0.99224
5410,9.5,700000.0,,1.7051,0.00856,-0.1481,199.19392523364488,True,0.013689,0.039253,0.97409
5410,10.0,700000.0,,1.7667,0.00885,-0.151,199.6271186440678,True,0.01053,0.031414,0.952
5410,10.5,700000.0,,1.8514,0.00865,-0.1593,214.03468208092485,True,0.0079192,0.028036,0.92835
5410,11.0,700000.0,,1.8884,0.0092,-0.1561,205.2608695652174,True,0.0067873,0.024988,0.90426
5410,11.5,700000.0,,1.9718,0.00905,-0.1648,217.87845303867402,True,0.0057579,0.022241,0.87193
5410,12.0,700000.0,,2.0104,0.00971,-0.1629,207.04428424304842,True,0.0048238,0.022241,0.84759
5410,12.5,700000.0,,2.0743,0.00989,-0.1663,209.73710819009102,True,0.0039781,0.019766,0.81505
5410,13.0,700000.0,,2.1377,0.01006,-0.1701,212.4950298210736,True,0.0039781,0.019766,0.77425
5410,13.5,700000.0,,2.2014,0.01032,-0.1751,213.3139534883721,True,0.0032153,0.017533,0.74151
5410,14.0,700000.0,,2.2605,0.01039,-0.1803,217.56496631376322,True,0.0032153,0.017533,0.7005
5410,14.5,700000.0,,2.3301,0.01078,-0.1871,216.15027829313541,True,0.0025311,0.015515,0.6594
5410,15.0,700000.0,,2.3966,0.01096,-0.1941,218.66788321167883,True,0.0025311,0.015515,0.62647
5411,6.0,700000.0,,1.3016,0.00553,-0.1372,235.37070524412297,True,,,
5411,6.5,700000.0,ayashii,1.3979,0.00479,-0.1459,291.83716075156576,True,,,
5411,7.0,700000.0,ayashii,1.4637,0.00495,-0.1487,295.6969696969697,True,,,
5411,7.5,700000.0,ayashii,1.5251,0.00542,-0.1511,281.38376383763836,True,,,
5411,8.0,700000.0,,1.5363,0.00728,-0.1456,211.03021978021977,True,,,
5411,8.5,700000.0,,1.5974,0.00742,-0.1472,215.2830188679245,True,,,1.0
5411,9.0,700000.0,,1.6601,0.00765,-0.1498,217.00653594771242,True,,,0.98657
5411,9.5,700000.0,,1.7235,0.00767,-0.1524,224.7066492829205,True,,,0.967
5411,10.0,700000.0,,1.7839,0.00776,-0.1543,229.8840206185567,True,0.026581,0.052259,0.94411
5411,10.5,700000.0,,1.8447,0.00792,-0.1569,232.91666666666666,True,0.017561,0.047638,0.91977
5411,11.0,700000.0,,1.9048,0.00817,-0.1606,233.14565483476133,True,0.012543,0.039398,0.89492
5411,11.5,700000.0,,1.9657,0.00839,-0.1645,234.29082240762813,True,0.011125,0.032428,0.86988
5411,12.0,700000.0,,2.0275,0.00853,-0.168,237.6905041031653,True,0.0098182,0.029375,0.84473
5411,12.5,700000.0,,2.0901,0.00879,-0.1725,237.78156996587035,True,0.0075005,0.026581,0.81109
5411,13.0,700000.0,ayashii,2.1528,0.00888,-0.1765,242.43243243243242,True,0.0075005,0.026581,0.77733
5411,13.5,700000.0,ayashii,2.216,0.00902,-0.1809,245.67627494456764,True,0.0064761,0.024023,0.74349
5412,6.0,700000.0,ayashii,1.3095,0.00539,-0.1379,242.94990723562154,True,0.39549,0.43859,
5412,6.5,700000.0,ayashii,1.3689,0.0052,-0.1387,263.25,True,,,
5412,7.0,700000.0,ayashii,1.4288,0.00537,-0.1405,266.07076350093115,True,,,
5412,7.5,700000.0,ayashii,1.5359,0.00468,-0.1518,328.1837606837607,True,,,
5412,8.0,700000.0,ayashii,1.6032,0.00493,-0.1554,325.1926977687626,True,,,1.0
5413,6.0,700000.0,ayashii,1.3191,0.00499,-0.1386,264.3486973947896,True,0.38778,0.44072,
5413,6.5,700000.0,ayashii,1.3769,0.00501,-0.1396,274.8303393213573,True,0.38778,0.41399,
5413,7.0,700000.0,ayashii,1.4516,0.00475,-0.1436,305.6,True,,,
5413,7.5,700000.0,ayashii,1.5067,0.00504,-0.1449,298.94841269841265,True,,,1.0
5413,8.0,700000.0,ayashii,1.6041,0.00452,-0.1542,354.8893805309735,True,,,0.99679
5508,6.0,700000.0,,1.3459,0.00855,-0.1633,157.41520467836258,True,0.020213,0.043744,
5508,6.5,700000.0,,1.3923,0.00887,-0.1606,156.96730552423904,True,0.0083747,0.032835,
5508,7.0,700000.0,,1.4525,0.00917,-0.1609,158.3969465648855,True,0.0068996,0.028085,
5508,7.5,700000.0,,1.5119,0.00952,-0.1615,158.81302521008402,True,0.0045078,0.023876,
5508,8.0,700000.0,,1.5714,0.01,-0.1621,157.14,True,0.003541,0.020213,
5508,8.5,700000.0,,1.6316,0.01028,-0.1624,158.715953307393,True,0.003541,0.017062,0.99721
5508,9.0,700000.0,,1.689,0.01095,-0.1636,154.24657534246577,True,0.0027033,0.017062,0.98028
5508,9.5,700000.0,ayashii,6.8296,0.00117,-1.6457,5837.264957264957,True,0.0027033,0.017062,0.96629
5508,10.0,700000.0,ayashii,7.4903,0.00114,-1.8148,6570.438596491229,True,0.0027033,0.017062,0.94421
5508,10.5,700000.0,,1.8687,0.01224,-0.165,152.671568627451,True,0.001986,0.017062,0.92932
5508,11.0,700000.0,,1.9294,0.01193,-0.1656,161.72673931265717,True,0.001986,0.014366,0.91438
5508,11.5,700000.0,ayashii,9.7317,0.00104,-2.3904,9357.403846153848,True,0.001986,0.014366,0.9069
5508,12.0,700000.0,,2.0579,0.01247,-0.1718,165.028067361668,True,0.0013815,0.014366,0.88442
5508,12.5,700000.0,ayashii,10.0605,0.00109,-2.4566,9229.816513761467,True,0.0013815,0.014366,0.86187
5508,13.0,700000.0,ayashii,12.2919,0.00095,-3.0541,12938.842105263158,True,0.0013815,0.012059,0.8468
5509,6.0,700000.0,,1.344,0.00777,-0.1636,172.972972972973,True,,,
5509,6.5,700000.0,,1.4011,0.00801,-0.1636,174.91885143570536,True,,,
5509,7.0,700000.0,,1.4597,0.00819,-0.1643,178.22954822954824,True,0.020791,0.045854,
5509,7.5,700000.0,,1.5194,0.0086,-0.1653,176.67441860465118,True,0.011688,0.040572,
5509,8.0,700000.0,,1.5821,0.00894,-0.1671,176.96868008948547,True,0.0085459,0.031315,0.99716
5509,8.5,700000.0,,1.6392,0.00911,-0.1671,179.93413830954995,True,0.0060494,0.027375,0.9868
5509,9.0,700000.0,,1.6983,0.00963,-0.1683,176.3551401869159,True,0.0049993,0.023878,0.97393
5509,9.5,700000.0,,1.7576,0.00988,-0.1697,177.89473684210526,True,0.0040639,0.020791,0.95207
5509,10.0,700000.0,,1.8181,0.01018,-0.1704,178.59528487229863,True,0.0040639,0.018072,0.9369
5509,10.5,700000.0,,1.8782,0.01045,-0.1715,179.73205741626796,True,0.0032333,0.018072,0.9216
5509,11.0,700000.0,,1.9336,0.01097,-0.1735,176.26253418413856,True,0.0032333,0.018072,0.89852
5509,11.5,700000.0,,1.9949,0.01145,-0.1751,174.22707423580786,True,0.0025003,0.018072,0.87537
5509,12.0,700000.0,,2.0568,0.01152,-0.1766,178.54166666666666,True,0.0025003,0.015676,0.85214
5509,12.5,700000.0,,2.1178,0.0118,-0.1784,179.47457627118644,True,0.0025003,0.015676,0.82884
5509,13.0,700000.0,ayashii,9.8416,0.001,-2.4303,9841.6,True,0.0025003,0.015676,0.80549
5509,13.5,700000.0,,2.2333,0.01236,-0.186,180.68770226537217,True,0.0018622,0.015676,0.78208
5509,14.0,700000.0,,2.2956,0.01215,-0.1883,188.93827160493828,True,0.0018622,0.01356,0.75862
5509,14.5,700000.0,,2.43,0.01015,-0.2099,239.40886699507394,True,0.0018622,0.01356,0.73511
5509,15.0,700000.0,ayashii,2.5982,0.0091,-0.258,285.5164835164835,True,0.0018622,0.01356,0.7037
5509,15.5,700000.0,ayashii,2.6104,0.01473,-0.2629,177.21656483367278,True,0.0018622,0.01356,0.67223
5509,16.0,700000.0,ayashii,2.7341,0.01306,-0.2984,209.34915773353754,True,0.0013165,0.01356,0.64069
5510,6.0,700000.0,ayashii,1.3952,0.00562,-0.1728,248.25622775800713,True,,,
5510,6.5,700000.0,,1.411,0.00725,-0.1663,194.6206896551724,True,,,
5510,7.0,700000.0,,1.4733,0.00745,-0.1677,197.75838926174498,True,,,
5510,7.5,700000.0,,1.5231,0.0077,-0.1664,197.8051948051948,True,,,0.99709
5510,8.0,700000.0,,1.5824,0.0079,-0.1675,200.30379746835442,True,0.024777,0.059696,0.98678
5510,8.5,700000.0,,1.641,0.0081,-0.1687,202.5925925925926,True,0.015295,0.043731,0.97417
5510,9.0,700000.0,,1.7327,0.008,-0.1782,216.58749999999998,True,0.01182,0.035012,0.95988
5510,9.5,700000.0,,1.7645,0.00867,-0.1734,203.517877739331,True,0.0089588,0.031242,0.9447
5510,10.0,700000.0,,1.8209,0.00884,-0.1735,205.9841628959276,True,0.0077205,0.027839,0.92913
5510,10.5,700000.0,,1.8798,0.00919,-0.1759,204.54842219804132,True,0.0065947,0.024777,0.91338
5510,11.0,700000.0,,1.9406,0.00943,-0.1774,205.79003181336165,True,0.0055728,0.022022,0.88961
5510,11.5,700000.0,,2.002,0.00968,-0.1793,206.8181818181818,True,0.0046471,0.022022,0.86574
5510,12.0,700000.0,,2.0625,0.00996,-0.1815,207.07831325301206,True,0.0038111,0.019544,0.84977
5510,12.5,700000.0,,2.1224,0.01037,-0.1845,204.6673095467695,True,0.0038111,0.017311,0.81775
5510,13.0,700000.0,,2.1942,0.01025,-0.19,214.06829268292682,True,0.0030597,0.017311,0.79365
5510,13.5,700000.0,,2.2592,0.01064,-0.1945,212.33082706766916,True,0.0030597,0.017311,0.76949
5510,14.0,700000.0,,2.3227,0.0109,-0.1992,213.09174311926608,True,0.0030597,0.017311,0.74528
5510,14.5,700000.0,,2.3867,0.01124,-0.2053,212.33985765124552,True,0.0030597,0.015295,0.71291
5510,15.0,700000.0,,2.4547,0.01182,-0.2144,207.67343485617596,True,0.0023891,0.015295,0.68859
5510,15.5,700000.0,ayashii,2.517,0.01166,-0.2194,215.86620926243566,True,0.0023891,0.015295,0.66423
5511,6.0,700000.0,ayashii,1.3683,0.00537,-0.1656,254.80446927374305,True,,,
5511,6.5,700000.0,ayashii,1.4714,0.00511,-0.1766,287.94520547945206,True,,,
5511,7.0,700000.0,,1.475,0.00678,-0.1685,217.55162241887908,True,,,1.0
5511,7.5,700000.0,,1.5354,0.00699,-0.1697,219.65665236051504,True,,,0.9866
5511,8.0,700000.0,,1.5966,0.00722,-0.1711,221.13573407202216,True,,,0.9741
5511,8.5,700000.0,,1.6554,0.00733,-0.1723,225.83901773533424,True,,,0.95992
5511,9.0,700000.0,,1.7155,0.00753,-0.174,227.82204515272244,True,0.029031,0.057145,0.94465
5511,9.5,700000.0,,1.776,0.00764,-0.1756,232.4607329842932,True,0.019205,0.047417,0.9288
5511,10.0,700000.0,,1.8346,0.0079,-0.178,232.2278481012658,True,0.013776,0.043082,0.91267
5511,10.5,700000.0,,1.8945,0.0081,-0.1802,233.8888888888889,True,0.012247,0.035435,0.8964
5511,11.0,700000.0,,1.9544,0.00836,-0.1828,233.7799043062201,True,0.010839,0.032089,0.88004
5511,11.5,700000.0,,2.0149,0.00857,-0.1851,235.11085180863478,True,0.0083438,0.029031,0.86362
5511,12.0,700000.0,,2.0775,0.00875,-0.1885,237.42857142857142,True,0.0072417,0.026237,0.8389
5511,12.5,700000.0,,2.1362,0.00893,-0.1905,239.2161254199328,True,0.0062279,0.023683,0.8141
5511,13.0,700000.0,,2.1971,0.00931,-0.1939,235.99355531686356,True,0.0062279,0.023683,0.79752
5511,13.5,700000.0,ayashii,2.2868,0.00874,-0.2033,261.6475972540046,True,0.0052978,0.021346,0.76428
5511,14.0,700000.0,ayashii,2.3189,0.00951,-0.2008,243.8380651945321,True,0.0052978,0.021346,0.73927
5511,14.5,700000.0,ayashii,2.383,0.00966,-0.2054,246.68737060041408,True,0.0044471,0.019205,0.71421
5512,6.0,700000.0,ayashii,1.4239,0.0041,-0.1763,347.29268292682923,True,,,
5512,6.5,700000.0,ayashii,1.4858,0.00438,-0.1784,339.2237442922374,True,,,1.0
5512,7.0,700000.0,ayashii,1.5349,0.00485,-0.1782,316.4742268041237,True,,,0.99184
5512,7.5,700000.0,ayashii,1.5526,0.00616,-0.1724,252.04545454545456,True,,,0.9803
5512,8.0,700000.0,ayashii,1.6124,0.0065,-0.1749,248.06153846153848,True,,,0.96694
5513,6.0,700000.0,ayashii,1.3842,0.00456,-0.1672,303.5526315789474,True,,,1.0
5513,6.5,700000.0,ayashii,1.4928,0.00398,-0.179,375.0753768844221,True,,,0.99165
5513,7.0,700000.0,ayashii,1.5567,0.00415,-0.1816,375.10843373493975,True,,,0.98001
5513,7.5,700000.0,ayashii,1.6154,0.00443,-0.1834,364.65011286681715,True,,,0.97353
5513,8.0,700000.0,ayashii,1.6229,0.00589,-0.1777,275.53480475382,True,,,0.9594
5608,6.0,700000.0,,1.4133,0.00863,-0.1892,163.765932792584,True,0.0099898,0.032995,
5608,6.5,700000.0,,1.4732,0.00887,-0.1893,166.08793686583994,True,0.0068019,0.028169,
5608,7.0,700000.0,,1.531,0.00939,-0.1894,163.04579339723108,True,0.0044097,0.0239,1.0
5608,7.5,700000.0,,1.59,0.00985,-0.1895,161.42131979695432,True,0.0034452,0.020194,0.99723
5608,8.0,700000.0,,1.6498,0.01026,-0.1893,160.79922027290448,True,0.0034452,0.020194,0.98676
5608,8.5,700000.0,,1.7096,0.01071,-0.1891,159.6265172735761,True,0.0034452,0.017013,0.98048
5608,9.0,700000.0,,1.7672,0.01103,-0.1892,160.2175883952856,True,0.0026122,0.017013,0.97375
5608,9.5,700000.0,,1.8227,0.01214,-0.1895,150.14003294892916,True,0.0026122,0.017013,0.96675
5608,10.0,700000.0,ayashii,8.1674,0.00116,-1.9979,7040.862068965518,True,0.0026122,0.017013,0.95961
5608,10.5,700000.0,,1.9426,0.01215,-0.1888,159.88477366255145,True,0.0019025,0.014297,0.95239
5608,11.0,700000.0,ayashii,10.0027,0.00104,-2.4662,9617.980769230771,True,0.0019025,0.014297,0.94514
5608,11.5,700000.0,ayashii,10.8226,0.00101,-2.6894,10715.445544554455,True,0.0013079,0.014297,0.93785
5608,12.0,700000.0,ayashii,10.3674,0.00105,-2.5409,9873.714285714286,True,0.0013079,0.014297,0.92324
5608,12.5,700000.0,,2.1929,0.01598,-0.2001,137.2277847309136,True,0.0013079,0.011977,0.90857
5608,13.0,700000.0,ayashii,13.659,0.00089,-3.4326,15347.191011235956,True,0.0013079,0.014297,0.87171
5609,6.0,700000.0,,1.4232,0.00759,-0.1921,187.5098814229249,True,,,1.0
5609,6.5,700000.0,,1.4814,0.0081,-0.1933,182.8888888888889,True,0.017999,0.052059,0.99719
5609,7.0,700000.0,,1.5423,0.00841,-0.1943,183.3888228299643,True,0.011566,0.035924,0.9924
5609,7.5,700000.0,,1.6006,0.00878,-0.1947,182.30068337129842,True,0.0084115,0.031438,0.98085
5609,8.0,700000.0,,1.6574,0.00906,-0.1942,182.93598233995584,True,0.0059124,0.027428,0.97427
5609,8.5,700000.0,,1.7171,0.00928,-0.1944,185.0323275862069,True,0.0048641,0.023877,0.96734
5609,9.0,700000.0,,1.774,0.00999,-0.1951,177.57757757757756,True,0.0048641,0.020748,0.96019
5609,9.5,700000.0,,1.8321,0.01023,-0.1956,179.0909090909091,True,0.0039324,0.020748,0.94552
5609,10.0,700000.0,,1.8913,0.01063,-0.1958,177.92097836312323,True,0.0039324,0.017999,0.93809
5609,10.5,700000.0,,1.9503,0.01098,-0.1961,177.62295081967213,True,0.0031073,0.017999,0.92314
5609,11.0,700000.0,,2.0076,0.01151,-0.1968,174.42224152910515,True,0.0031073,0.017999,0.90811
5609,11.5,700000.0,,2.0613,0.01233,-0.1981,167.17761557177616,True,0.0023831,0.015581,0.90058
5609,12.0,700000.0,,2.1206,0.01247,-0.1991,170.05613472333602,True,0.0023831,0.015581,0.88547
5609,12.5,700000.0,ayashii,9.7998,0.00103,-2.4132,9514.368932038833,True,0.0023831,0.015581,0.87032
5609,13.0,700000.0,ayashii,10.0368,0.00102,-2.4634,9839.999999999998,True,0.0023831,0.015581,0.85513
5609,13.5,700000.0,,2.2966,0.01382,-0.2123,166.17945007235892,True,0.0023831,0.01345,0.83227
5609,14.0,700000.0,,2.4007,0.01717,-0.2313,139.81945253348863,True,0.0017574,0.01345,0.81698
5609,14.5,700000.0,ayashii,13.8227,0.00079,-3.4983,17497.088607594935,True,0.0017574,0.01345,0.7863
5609,15.0,700000.0,ayashii,2.788,0.00804,-0.2836,346.7661691542288,True,0.0017574,0.01345,0.75549
5609,15.5,700000.0,ayashii,2.8123,0.01588,-0.3019,177.09697732997483,True,0.0017574,0.01345,0.67025
5610,6.0,700000.0,,1.4406,0.007,-0.1971,205.8,True,,,0.9923
5610,6.5,700000.0,,1.4945,0.00716,-0.1966,208.7290502793296,True,,,0.98691
5610,7.0,700000.0,,1.5545,0.00734,-0.1972,211.78474114441417,True,0.039072,0.054125,0.97449
5610,7.5,700000.0,,1.6134,0.00762,-0.198,211.73228346456693,True,0.019328,0.054125,0.96765
5610,8.0,700000.0,,1.7036,0.00751,-0.2068,226.84420772303594,True,0.013258,0.039072,0.96052
5610,8.5,700000.0,,1.7309,0.00818,-0.1998,211.60146699266505,True,0.011609,0.03487,0.95319
5610,9.0,700000.0,,1.7961,0.00846,-0.2029,212.30496453900707,True,0.0087552,0.03107,0.94573
5610,9.5,700000.0,,1.8482,0.00883,-0.2017,209.3091732729332,True,0.0075216,0.027647,0.93817
5610,10.0,700000.0,,1.9081,0.00909,-0.2024,209.91199119911988,True,0.0064016,0.024571,0.9229
5610,10.5,700000.0,,1.967,0.00944,-0.2033,208.3686440677966,True,0.0053867,0.02181,0.91522
5610,11.0,700000.0,,2.031,0.00953,-0.2064,213.1164742917104,True,0.0044689,0.02181,0.89978
5610,11.5,700000.0,,2.0828,0.01014,-0.206,205.4043392504931,True,0.0044689,0.019328,0.88427
5610,12.0,700000.0,,2.1425,0.01054,-0.2075,203.27324478178366,True,0.0036423,0.019328,0.86871
5610,12.5,700000.0,,2.2013,0.01092,-0.2092,201.58424908424908,True,0.0036423,0.017095,0.8531
5610,13.0,700000.0,,2.2591,0.0115,-0.2118,196.44347826086957,True,0.0036423,0.017095,0.83745
5610,13.5,700000.0,,2.316,0.01108,-0.2131,209.02527075812273,True,0.0029016,0.017095,0.81388
5610,14.0,700000.0,,2.38,0.01171,-0.2172,203.24508966695132,True,0.0029016,0.017095,0.79813
5610,14.5,700000.0,,2.4404,0.01175,-0.2208,207.6936170212766,True,0.0029016,0.01508,0.77442
5610,15.0,700000.0,,2.4974,0.01181,-0.2259,211.4648602878916,True,0.0029016,0.01508,0.75065
5610,15.5,700000.0,ayashii,2.6751,0.00729,-0.2524,366.95473251028807,True,0.0022449,0.01508,0.71884
5610,16.0,700000.0,ayashii,2.744,0.01728,-0.3046,158.7962962962963,True,0.0022449,0.01508,0.64691
5610,16.5,700000.0,ayashii,2.9164,0.01831,-0.3405,159.27908246859639,True,0.0022449,0.01508,0.60666
5611,6.0,700000.0,,1.4453,0.00625,-0.1988,231.248,True,,,0.98083
5611,6.5,700000.0,,1.5062,0.00645,-0.1996,233.51937984496124,True,,,0.97446
5611,7.0,700000.0,,1.5673,0.00669,-0.2006,234.27503736920778,True,,,0.96768
5611,7.5,700000.0,,1.6262,0.00686,-0.2015,237.05539358600586,True,,,0.96059
5611,8.0,700000.0,,1.6859,0.00708,-0.2026,238.12146892655366,True,0.035169,0.062568,0.95325
5611,8.5,700000.0,ayashii,1.7452,0.00724,-0.2034,241.0497237569061,True,0.023387,0.057104,0.94573
5611,9.0,700000.0,ayashii,1.8042,0.00743,-0.2046,242.8263795423957,True,0.016951,0.047249,0.93034
5611,9.5,700000.0,ayashii,1.8622,0.00775,-0.2063,240.28387096774193,True,0.013495,0.03885,0.92252
5611,10.0,700000.0,,1.9204,0.00803,-0.2078,239.15317559153175,True,0.010569,0.035169,0.91466
5611,10.5,700000.0,,1.9795,0.00836,-0.2088,236.7822966507177,True,0.0092775,0.031808,0.89884
5611,11.0,700000.0,,2.0374,0.00855,-0.2101,238.2923976608187,True,0.008088,0.028741,0.89089
5611,11.5,700000.0,,2.0965,0.00881,-0.2116,237.9682179341657,True,0.0069939,0.025943,0.87494
5611,12.0,700000.0,ayashii,2.1689,0.00879,-0.2166,246.7463026166098,True,0.0069939,0.023387,0.85892
5611,12.5,700000.0,,2.2127,0.00931,-0.2149,237.6691729323308,True,0.0059892,0.023387,0.84284
5611,13.0,700000.0,,2.2723,0.00949,-0.2168,239.44151738672286,True,0.0050694,0.021051,0.82672
5611,13.5,700000.0,,2.3314,0.0098,-0.2192,237.89795918367346,True,0.0050694,0.021051,0.81055
5611,14.0,700000.0,ayashii,2.3851,0.00986,-0.2218,241.8965517241379,True,0.0042302,0.018912,0.78621
5612,6.0,700000.0,ayashii,1.5049,0.00571,-0.2113,263.5551663747811,True,,,0.97418
5612,6.5,700000.0,ayashii,1.5242,0.00551,-0.2032,276.62431941923774,True,,,0.96744
5612,7.0,700000.0,ayashii,1.566,0.00621,-0.2008,252.17391304347825,True,,,0.96037
5612,7.5,700000.0,ayashii,1.6262,0.0064,-0.2019,254.09375,True,,,0.94546
5612,8.0,700000.0,ayashii,1.6856,0.00648,-0.2029,260.12345679012344,True,,,0.93773
5613,6.0,700000.0,ayashii,1.529,0.00511,-0.2153,299.2172211350293,True,,,0.96716
5613,6.5,700000.0,ayashii,1.5902,0.00537,-0.2178,296.12662942271885,True,,,0.96009
5613,7.0,700000.0,ayashii,1.5789,0.00557,-0.2041,283.4649910233393,True,,,0.95274
5613,7.5,700000.0,ayashii,1.6548,0.0054,-0.2076,306.44444444444446,True,,,0.93736
5613,8.0,700000.0,ayashii,1.701,0.00594,-0.2067,286.3636363636364,True,,,0.92942
5708,6.0,700000.0,,1.5012,0.00989,-0.2212,151.78968655207282,True,0.0067181,0.028298,0.99256
5708,6.5,700000.0,,1.5841,0.00988,-0.2261,160.334008097166,True,0.0043219,0.023966,0.99256
5708,7.0,700000.0,,1.6565,0.01034,-0.2303,160.20309477756285,True,0.0043219,0.020212,0.98709
5708,7.5,700000.0,,1.7166,0.01072,-0.2302,160.13059701492537,True,0.003358,0.020212,0.98709
5708,8.0,700000.0,,1.8115,0.01074,-0.2372,168.6685288640596,True,0.003358,0.020212,0.98102
5708,8.5,700000.0,,1.8815,0.01093,-0.2394,172.14089661482157,True,0.0025284,0.016996,0.98102
5708,9.0,700000.0,ayashii,7.8609,0.0016,-1.9251,4913.0625,True,0.0025284,0.016996,0.98102
5708,9.5,700000.0,,1.9876,0.01263,-0.2382,157.37133808392716,True,0.0025284,0.016996,0.98102
5708,10.0,700000.0,,2.0426,0.0126,-0.2379,162.11111111111111,True,0.0018248,0.014255,0.98102
5708,10.5,700000.0,,2.1293,0.01232,-0.2436,172.83279220779224,True,0.0018248,0.014255,0.98102
5708,11.0,700000.0,ayashii,11.595,0.00133,-2.9068,8718.045112781956,True,,,0.0012391
5709,6.0,700000.0,,1.5341,0.00865,-0.2298,177.35260115606937,True,0.017968,0.046723,0.9814
5709,6.5,700000.0,,1.6048,0.00882,-0.2327,181.95011337868482,True,0.011479,0.036172,0.9814
5709,7.0,700000.0,,1.643,0.00953,-0.2298,172.40293809024135,True,0.0083076,0.031604,0.97506
5709,7.5,700000.0,,1.7015,0.00978,-0.2297,173.97750511247443,True,0.0058011,0.027526,0.97506
5709,8.0,700000.0,,1.813,0.00929,-0.241,195.15608180839612,True,0.0047521,0.02392,0.96842
5709,8.5,700000.0,,1.8383,0.01025,-0.2347,179.34634146341463,True,0.0047521,0.02075,0.96842
5709,9.0,700000.0,,1.9078,0.01084,-0.2376,175.9963099630996,True,0.0038218,0.017968,0.96156
5709,9.5,700000.0,,1.9832,0.01071,-0.2426,185.17273576097105,True,0.0038218,0.017968,0.95458
5709,10.0,700000.0,,2.0564,0.01097,-0.2453,187.4567000911577,True,0.003,0.017968,0.94751
5709,10.5,700000.0,ayashii,8.5491,0.00146,-2.1148,5855.54794520548,True,0.003,0.017968,0.94038
5709,11.0,700000.0,ayashii,9.1255,0.00144,-2.2681,6337.152777777777,True,0.003,0.015526,0.93322
5709,11.5,700000.0,,2.2684,0.0119,-0.2569,190.6218487394958,True,0.0022824,0.015526,0.92603
5709,12.0,700000.0,,2.3355,0.0136,-0.2597,171.7279411764706,True,0.0022824,0.015526,0.91882
5709,12.5,700000.0,ayashii,12.2625,0.00124,-3.1063,9889.112903225805,True,0.0022824,0.015526,0.90432
5709,13.0,700000.0,,2.4941,0.01345,-0.2744,185.43494423791822,True,0.0022824,0.015526,0.88975
5709,13.5,700000.0,ayashii,2.5963,0.01421,-0.2845,182.70935960591132,True,0.0022824,0.013377,0.88244
5709,14.0,700000.0,ayashii,15.0725,0.00108,-3.8534,13956.018518518518,True,0.0016661,0.013377,0.85303
5710,6.0,700000.0,,1.5588,0.00747,-0.235,208.67469879518072,True,,,0.96874
5710,6.5,700000.0,,1.5924,0.00823,-0.231,193.48724179829892,True,0.031113,0.060449,0.96874
5710,7.0,700000.0,,1.6408,0.00861,-0.2292,190.56910569105693,True,0.016995,0.049045,0.96193
5710,7.5,700000.0,,1.7427,0.00837,-0.2404,208.20788530465947,True,0.013135,0.039236,0.96193
5710,8.0,700000.0,,1.7577,0.00927,-0.2314,189.61165048543688,True,0.0099766,0.034968,0.96193
5710,8.5,700000.0,,1.8297,0.00943,-0.2349,194.02969247083777,True,0.0086147,0.031113,0.95494
5710,9.0,700000.0,,1.9159,0.00936,-0.2425,204.69017094017093,True,0.0073789,0.027647,0.94783
5710,9.5,700000.0,,1.9664,0.00969,-0.2416,202.93085655314755,True,0.0062585,0.024537,0.94062
5710,10.0,700000.0,,2.0683,0.00943,-0.2518,219.33191940615058,True,0.0052446,0.021749,0.94062
5710,10.5,700000.0,,2.0979,0.01021,-0.2461,205.47502448579823,True,0.0043298,0.019246,0.92604
5710,11.0,700000.0,,2.1908,0.01034,-0.2549,211.87620889748547,True,0.0043298,0.019246,0.9187
5710,11.5,700000.0,,2.2318,0.01045,-0.2526,213.5693779904306,True,0.0035077,0.019246,0.91132
5710,12.0,700000.0,,2.2989,0.01067,-0.2557,215.45454545454547,True,0.0035077,0.016995,0.90392
5710,12.5,700000.0,,2.3598,0.01106,-0.2583,213.3634719710669,True,0.0035077,0.016995,0.88905
5710,13.0,700000.0,,2.4241,0.01077,-0.2614,225.07892293407616,True,0.0035077,0.016995,0.87411
5710,13.5,700000.0,,2.4868,0.01137,-0.2645,218.71591908531224,True,0.0027736,0.016995,0.85909
5710,14.0,700000.0,ayashii,2.5531,0.01146,-0.2685,222.78359511343805,True,0.0027736,0.014967,0.84401
5710,14.5,700000.0,ayashii,2.6232,0.01128,-0.2748,232.55319148936172,True,0.0027736,0.014967,0.82127
5710,15.0,700000.0,ayashii,2.7074,0.00903,-0.283,299.82281284606864,True,0.0027736,0.014967,0.79841
5710,15.5,700000.0,ayashii,12.9003,0.00079,-3.2405,16329.493670886075,True,0.0027736,0.014967,0.76775
5710,16.0,700000.0,ayashii,2.9427,0.01466,-0.3315,200.72987721691678,True,0.0021269,0.014967,0.72914
5711,6.0,700000.0,,1.5497,0.00729,-0.2332,212.57887517146779,True,,,0.96205
5711,6.5,700000.0,,1.6437,0.00728,-0.2433,225.78296703296704,True,,,0.95508
5711,7.0,700000.0,,1.685,0.00765,-0.2399,220.26143790849676,True,,,0.95508
5711,7.5,700000.0,,1.7609,0.00762,-0.2445,231.08923884514434,True,0.028696,0.063105,0.95508
5711,8.0,700000.0,,1.8012,0.00797,-0.2408,225.99749058971142,True,0.020932,0.052316,0.94794
5711,8.5,700000.0,,1.8336,0.00852,-0.2362,215.2112676056338,True,0.016803,0.043027,0.94069
5711,9.0,700000.0,,1.8961,0.00868,-0.2385,218.44470046082947,True,0.013328,0.03894,0.94069
5711,9.5,700000.0,ayashii,2.0126,0.00818,-0.253,246.03911980440097,True,0.010392,0.0318,0.93334
5711,10.0,700000.0,,2.0271,0.00915,-0.244,221.54098360655738,True,0.0090973,0.028696,0.92592
5711,10.5,700000.0,,2.0947,0.00911,-0.2478,229.93413830954995,True,0.0079067,0.028696,0.91846
5711,11.0,700000.0,,2.1677,0.0091,-0.252,238.20879120879118,True,0.0068129,0.025868,0.91095
5711,11.5,700000.0,ayashii,2.2355,0.00917,-0.2555,243.78407851690298,True,0.0058106,0.023288,0.90341
5711,12.0,700000.0,ayashii,2.3021,0.00928,-0.2594,248.07112068965515,True,0.0058106,0.023288,0.88825
5711,12.5,700000.0,ayashii,2.3749,0.00939,-0.264,252.91799787007452,True,0.0048947,0.020932,0.88063
5711,13.0,700000.0,ayashii,2.4445,0.00945,-0.2681,258.6772486772487,True,0.0048947,0.020932,0.86534
5712,6.0,700000.0,,1.5654,0.0068,-0.2371,230.2058823529412,True,,,0.9478
5712,6.5,700000.0,,1.6183,0.00703,-0.2363,230.19914651493602,True,,,0.9478
5712,7.0,700000.0,ayashii,1.7161,0.00687,-0.2469,249.7962154294032,True,,,0.9478
5712,7.5,700000.0,ayashii,1.7594,0.00713,-0.2442,246.76016830294532,True,,,0.9405
5712,8.0,700000.0,,1.7894,0.00762,-0.2385,234.82939632545933,True,0.051814,0.066797,0.9405
5712,8.5,700000.0,ayashii,1.8558,0.00772,-0.2416,240.38860103626942,True,0.030386,0.066797,0.93309
5712,9.0,700000.0,ayashii,1.9328,0.0078,-0.2471,247.79487179487182,True,0.022962,0.056465,0.92559
5712,9.5,700000.0,ayashii,1.9897,0.00783,-0.2473,254.11238825031927,True,0.018886,0.047498,0.92559
5713,6.0,700000.0,ayashii,1.5827,0.00596,-0.2402,265.5536912751678,True,,,0.9402
5713,6.5,700000.0,ayashii,1.6625,0.00596,-0.2457,278.94295302013427,True,,,0.9402
5713,7.0,700000.0,ayashii,1.6851,0.00667,-0.2387,252.63868065967017,True,,,0.93274
5713,7.5,700000.0,ayashii,1.7741,0.00659,-0.2477,269.21092564491653,True,,,0.93274
5713,8.0,700000.0,ayashii,1.7993,0.00702,-0.2397,256.3105413105413,True,,,0.92518
6408,6.0,700000.0,,1.4018,0.00806,-0.1655,173.92059553349876,True,,,
6408,6.5,700000.0,,1.4633,0.00855,-0.1672,171.14619883040936,True,,,
6408,7.0,700000.0,,1.5101,0.00905,-0.1653,166.86187845303866,True,,,
6408,7.5,700000.0,,1.5685,0.00942,-0.1659,166.50743099787687,True,0.012147,0.037472,
6408,8.0,700000.0,,1.6281,0.00961,-0.1667,169.41727367325703,True,0.0070216,0.027834,
6408,8.5,700000.0,,1.6881,0.00986,-0.1679,171.20689655172413,True,0.0046335,0.02375,0.99725
6408,9.0,700000.0,,1.7479,0.0102,-0.1697,171.3627450980392,True,0.0028204,0.020176,0.98051
6408,9.5,700000.0,,1.8072,0.01048,-0.1713,172.44274809160305,True,0.0028204,0.017086,0.9591
6408,10.0,700000.0,,1.8673,0.01082,-0.1731,172.57855822550832,True,0.0020899,0.017086,0.92902
6408,10.5,700000.0,ayashii,6.5033,0.00128,-1.5537,5080.703125,True,0.0020899,0.014429,0.89869
6408,11.0,700000.0,ayashii,7.9428,0.00105,-1.9333,7564.571428571429,True,0.0020899,0.014429,0.86824
6408,11.5,700000.0,,2.0469,0.01206,-0.1799,169.726368159204,True,0.0020899,0.014429,0.83004
6408,12.0,700000.0,ayashii,7.8595,0.00121,-1.8774,6495.454545454546,True,0.0014667,0.014429,0.79938
6408,12.5,700000.0,ayashii,9.9692,0.00098,-2.4443,10172.653061224491,True,0.0014667,0.014429,0.76864
6408,13.0,700000.0,,2.2242,0.01344,-0.1905,165.49107142857144,True,0.0014667,0.012147,0.73783
6408,13.5,700000.0,ayashii,10.4874,0.00103,-2.5706,10181.941747572813,True,0.0014667,0.012147,0.71467
6409,6.0,700000.0,ayashii,1.4217,0.00547,-0.1663,259.908592321755,True,,,
6409,6.5,700000.0,ayashii,1.508,0.00556,-0.174,271.22302158273385,True,,,
6409,7.0,700000.0,,1.526,0.00791,-0.1682,192.92035398230087,True,,,
6409,7.5,700000.0,,1.5891,0.00827,-0.1713,192.15235792019348,True,,,
6409,8.0,700000.0,,1.6424,0.00849,-0.171,193.4511189634865,True,,,
6409,8.5,700000.0,,1.7319,0.00828,-0.1803,209.16666666666669,True,0.021064,0.031537,0.99245
6409,9.0,700000.0,,1.7618,0.00903,-0.1744,195.10520487264674,True,0.01024,0.035873,0.97417
6409,9.5,700000.0,,1.8225,0.00925,-0.1763,197.02702702702703,True,0.0074213,0.027633,0.95213
6409,10.0,700000.0,,1.8832,0.00949,-0.1786,198.44046364594308,True,0.0051741,0.024151,0.92899
6409,10.5,700000.0,,1.9423,0.00984,-0.1818,197.3882113821138,True,0.0042283,0.021064,0.9056
6409,11.0,700000.0,,2.0035,0.01006,-0.1841,199.15506958250495,True,0.0033855,0.018336,0.87426
6409,11.5,700000.0,,2.0646,0.01034,-0.187,199.67117988394583,True,0.0026376,0.018336,0.8428
6409,12.0,700000.0,,2.1257,0.01078,-0.1905,197.1892393320965,True,0.0026376,0.015928,0.81123
6409,12.5,700000.0,,2.1832,0.01092,-0.1938,199.9267399267399,True,0.0026376,0.015928,0.77163
6409,13.0,700000.0,,2.2469,0.01104,-0.1964,203.52355072463772,True,0.0019783,0.015928,0.7319
6409,13.5,700000.0,,2.3082,0.01144,-0.2017,201.76573426573424,True,0.0019783,0.013799,0.70004
6409,14.0,700000.0,,2.3675,0.01166,-0.207,203.04459691252146,True,0.0019783,0.013799,0.6681
6409,14.5,700000.0,,2.4337,0.01234,-0.2131,197.22042139384115,True,0.0019783,0.013799,0.62811
6410,6.0,700000.0,ayashii,1.4142,0.00564,-0.1637,250.7446808510638,True,0.40323,0.44428,
6410,6.5,700000.0,ayashii,1.5099,0.00498,-0.1727,303.1927710843373,True,,,
6410,7.0,700000.0,ayashii,1.5826,0.00504,-0.1771,314.0079365079365,True,,,
6410,7.5,700000.0,,1.6149,0.00689,-0.1763,234.3831640058055,True,,,
6410,8.0,700000.0,,1.6486,0.00768,-0.1728,214.66145833333334,True,,,
6410,8.5,700000.0,,1.7054,0.00797,-0.1735,213.97741530740277,True,,,0.99233
6410,9.0,700000.0,,1.7659,0.00815,-0.1756,216.6748466257669,True,,,0.97435
6410,9.5,700000.0,,1.8255,0.00831,-0.1779,219.67509025270758,True,,,0.94463
6410,10.0,700000.0,,1.9039,0.00827,-0.1857,230.21765417170496,True,0.013798,0.039633,0.92083
6410,10.5,700000.0,,1.9481,0.00871,-0.1839,223.66245694603901,True,0.010609,0.035495,0.89671
6410,11.0,700000.0,,2.0099,0.00895,-0.1876,224.56983240223465,True,0.0079778,0.028311,0.87245
6410,11.5,700000.0,,2.0708,0.0091,-0.1911,227.56043956043956,True,0.0068377,0.025227,0.83998
6410,12.0,700000.0,,2.1331,0.00924,-0.1944,230.85497835497839,True,0.0058009,0.022447,0.81554
6410,12.5,700000.0,ayashii,2.2117,0.00913,-0.2031,242.24534501642938,True,0.0048594,0.022447,0.78286
6410,13.0,700000.0,,2.2564,0.00967,-0.2032,233.34022750775597,True,0.0040069,0.019942,0.75007
6410,13.5,700000.0,ayashii,2.3306,0.00969,-0.2096,240.51599587203302,True,0.0040069,0.017683,0.70897
6411,6.0,700000.0,ayashii,1.4265,0.00551,-0.1651,258.8929219600726,True,0.38681,0.45403,
6411,6.5,700000.0,ayashii,1.4873,0.00533,-0.1668,279.0431519699813,True,0.39503,0.43702,
6411,7.0,700000.0,ayashii,1.5452,0.0054,-0.1678,286.1481481481481,True,,,
6411,7.5,700000.0,ayashii,1.6568,0.00472,-0.1805,351.01694915254234,True,,,
6411,8.0,700000.0,ayashii,1.7178,0.00526,-0.1834,326.5779467680608,True,,,1.0
6412,6.0,700000.0,ayashii,1.4388,0.00513,-0.1664,280.46783625730995,True,0.38693,0.46479,
6412,6.5,700000.0,ayashii,1.4978,0.00517,-0.1679,289.7098646034816,True,0.38693,0.44724,
6412,7.0,700000.0,ayashii,1.557,0.00514,-0.1694,302.91828793774323,True,0.38693,0.42107,1.0
6412,7.5,700000.0,ayashii,1.616,0.00521,-0.1709,310.17274472168907,True,,,0.99692
6412,8.0,700000.0,ayashii,1.7233,0.00453,-0.1825,380.41942604856513,True,,,0.99192
6413,6.0,700000.0,ayashii,1.4452,0.00571,-0.1665,253.0998248686515,True,0.38792,0.45886,
6413,6.5,700000.0,ayashii,1.5082,0.00486,-0.1689,310.3292181069959,True,0.37934,0.44984,1.0
6413,7.0,700000.0,ayashii,1.5724,0.00486,-0.1716,323.53909465020575,True,0.37934,0.43188,0.9968
6413,7.5,700000.0,ayashii,1.6315,0.00485,-0.1732,336.39175257731955,True,0.37934,0.41409,0.98605
6413,8.0,700000.0,ayashii,1.6988,0.00468,-0.1757,362.991452991453,True,,,0.98
6508,6.0,700000.0,,1.4684,0.00831,-0.1949,176.70276774969915,True,,,
6508,6.5,700000.0,,1.5228,0.0086,-0.1938,177.06976744186045,True,0.01729,0.038396,
6508,7.0,700000.0,,1.5821,0.00888,-0.1945,178.1644144144144,True,0.00851,0.033153,0.99725
6508,7.5,700000.0,,1.6411,0.00929,-0.1955,176.65231431646933,True,0.0057285,0.024162,0.98686
6508,8.0,700000.0,,1.7001,0.00962,-0.1962,176.7255717255717,True,0.0036287,0.020471,0.97379
6508,8.5,700000.0,,1.7589,0.01001,-0.197,175.71428571428572,True,0.0036287,0.020471,0.95948
6508,9.0,700000.0,,1.8176,0.00976,-0.1971,186.22950819672133,True,0.0027812,0.01729,0.94479
6508,9.5,700000.0,ayashii,6.6839,0.00115,-1.6064,5812.08695652174,True,0.0027812,0.01729,0.92255
6508,10.0,700000.0,,1.9348,0.0112,-0.199,172.75,True,0.0027812,0.01729,0.90766
6508,10.5,700000.0,ayashii,8.3392,0.00104,-2.0377,8018.461538461539,True,0.0020522,0.01729,0.88526
6508,11.0,700000.0,ayashii,9.2249,0.001,-2.281,9224.9,True,0.0020522,0.014565,0.87028
6508,11.5,700000.0,,2.107,0.01256,-0.2024,167.7547770700637,True,0.0020522,0.014565,0.85527
6508,12.0,700000.0,ayashii,9.2343,0.0011,-2.2448,8394.81818181818,True,0.0014353,0.014565,0.84023
6508,12.5,700000.0,,2.2536,0.01202,-0.2125,187.4875207986689,True,0.0014353,0.012233,0.81761
6508,13.0,700000.0,ayashii,11.469,0.00098,-2.8416,11703.061224489797,True,0.0014353,0.012233,0.77218
6509,6.0,700000.0,,1.4854,0.00749,-0.1995,198.3177570093458,True,,,
6509,6.5,700000.0,,1.5313,0.00784,-0.1971,195.31887755102042,True,,,
6509,7.0,700000.0,,1.5905,0.00803,-0.198,198.06973848069737,True,,,0.99244
6509,7.5,700000.0,,1.6497,0.00834,-0.1993,197.80575539568343,True,0.024213,0.041049,0.97429
6509,8.0,700000.0,,1.7094,0.00858,-0.2002,199.23076923076923,True,0.011866,0.036167,0.96003
6509,8.5,700000.0,,1.7683,0.0089,-0.2013,198.68539325842696,True,0.008689,0.031731,0.95262
6509,9.0,700000.0,,1.827,0.00924,-0.2029,197.72727272727272,True,0.006166,0.027751,0.93756
6509,9.5,700000.0,,1.8856,0.00952,-0.2039,198.06722689075627,True,0.0051048,0.021087,0.92234
6509,10.0,700000.0,,1.9438,0.00995,-0.2052,195.35678391959797,True,0.004159,0.021087,0.89938
6509,10.5,700000.0,,2.0002,0.0102,-0.2067,196.09803921568627,True,0.0033183,0.018332,0.88401
6509,11.0,700000.0,,2.0608,0.01063,-0.2079,193.86641580432737,True,0.0033183,0.018332,0.86089
6509,11.5,700000.0,,2.1197,0.01089,-0.2093,194.64646464646464,True,0.0025745,0.015905,0.83768
6509,12.0,700000.0,,2.1772,0.01121,-0.211,194.21944692239074,True,0.0025745,0.015905,0.8144
6509,12.5,700000.0,,2.2322,0.0119,-0.214,187.57983193277312,True,0.0025745,0.015905,0.79104
6509,13.0,700000.0,,2.2909,0.01199,-0.2154,191.0675562969141,True,0.0019235,0.015905,0.77544
6509,13.5,700000.0,ayashii,10.8326,0.0009,-2.6984,12036.222222222223,True,0.0019235,0.013762,0.75197
6509,14.0,700000.0,ayashii,10.9581,0.00092,-2.7182,11910.978260869564,True,0.0019235,0.013762,0.72845
6509,14.5,700000.0,,2.4864,0.01197,-0.2337,207.71929824561406,True,0.0019235,0.013762,0.71274
6509,15.0,700000.0,ayashii,2.555,0.0113,-0.2357,226.1061946902655,True,0.0013635,0.013762,0.68914
6509,15.5,700000.0,ayashii,14.0186,0.00076,-3.553,18445.526315789473,True,0.0013635,0.013762,0.66548
6510,6.0,700000.0,ayashii,1.5359,0.00511,-0.2074,300.5675146771037,True,,,
6510,6.5,700000.0,,1.5463,0.00706,-0.2009,219.02266288951841,True,,,1.0
6510,7.0,700000.0,,1.6079,0.00724,-0.2023,222.08563535911603,True,,,0.98696
6510,7.5,700000.0,,1.6656,0.0074,-0.2033,225.08108108108107,True,,,0.9745
6510,8.0,700000.0,,1.725,0.0076,-0.2044,226.97368421052633,True,,,0.95292
6510,8.5,700000.0,,1.7855,0.00774,-0.2059,230.68475452196384,True,0.025158,0.04936,0.93762
6510,9.0,700000.0,,1.8434,0.00809,-0.2083,227.86155747836835,True,0.015533,0.044364,0.92205
6510,9.5,700000.0,,1.9039,0.00839,-0.2101,226.9249106078665,True,0.010494,0.035545,0.90634
6510,10.0,700000.0,,1.9732,0.00841,-0.2143,234.62544589774078,True,0.0091153,0.031722,0.89056
6510,10.5,700000.0,,2.0219,0.00875,-0.2133,231.0742857142857,True,0.006724,0.028269,0.87472
6510,11.0,700000.0,,2.0819,0.00905,-0.2153,230.04419889502762,True,0.0056899,0.025158,0.85884
6510,11.5,700000.0,,2.1397,0.00934,-0.2177,229.08993576017133,True,0.0047527,0.02236,0.83494
6510,12.0,700000.0,,2.1996,0.00956,-0.2197,230.0836820083682,True,0.0047527,0.019844,0.81896
6510,12.5,700000.0,,2.2588,0.00986,-0.2218,229.08722109533466,True,0.0039055,0.019844,0.79491
6510,13.0,700000.0,,2.3175,0.0102,-0.2244,227.20588235294116,True,0.0031429,0.017577,0.77079
6510,13.5,700000.0,,2.3746,0.0107,-0.2278,221.92523364485982,True,0.0031429,0.017577,0.7466
6510,14.0,700000.0,,2.4325,0.01077,-0.2312,225.85886722376975,True,0.0031429,0.017577,0.72235
6510,14.5,700000.0,,2.4924,0.01122,-0.236,222.13903743315507,True,0.0024603,0.015533,0.69804
6510,15.0,700000.0,ayashii,2.553,0.01143,-0.2412,223.35958005249344,True,0.0024603,0.015533,0.67368
6511,6.0,700000.0,ayashii,1.4927,0.00517,-0.1965,288.7234042553191,True,,,1.0
6511,6.5,700000.0,ayashii,1.6078,0.00474,-0.2105,339.1983122362869,True,,,0.99703
6511,7.0,700000.0,ayashii,1.6158,0.00652,-0.2048,247.82208588957056,True,,,0.98675
6511,7.5,700000.0,ayashii,1.6678,0.00678,-0.2039,245.98820058997052,True,,,0.96756
6511,8.0,700000.0,ayashii,1.7281,0.00697,-0.2053,247.93400286944046,True,,,0.95291
6512,6.0,700000.0,ayashii,1.5491,0.00403,-0.2073,384.3920595533499,True,,,0.99693
6512,6.5,700000.0,ayashii,1.5669,0.00489,-0.2002,320.4294478527607,True,,,0.98056
6512,7.0,700000.0,ayashii,1.6772,0.00447,-0.2133,375.21252796420583,True,,,0.97417
6512,7.5,700000.0,ayashii,1.7393,0.0048,-0.2163,362.3541666666667,True,,,0.96736
6512,8.0,700000.0,ayashii,1.7639,0.00587,-0.2126,300.49403747870525,True,,,0.95272
6513,6.0,700000.0,ayashii,1.5414,0.00399,-0.2044,386.3157894736843,True,,,0.98617
6513,6.5,700000.0,ayashii,1.6287,0.00376,-0.2123,433.1648936170213,True,,,0.98019
6513,7.0,700000.0,ayashii,1.6908,0.00393,-0.2148,430.2290076335878,True,,,0.96696
6513,7.5,700000.0,ayashii,1.7554,0.00413,-0.2181,425.03631961259083,True,,,0.95979
6513,8.0,700000.0,ayashii,1.8074,0.00452,-0.219,399.86725663716817,True,,,0.94456
6608,6.0,700000.0,,1.5625,0.00813,-0.229,192.18942189421895,True,0.012207,0.044616,0.98084
6608,6.5,700000.0,,1.6213,0.00844,-0.2293,192.09715639810426,True,0.0084559,0.028615,0.97421
6608,7.0,700000.0,,1.6794,0.00895,-0.2296,187.64245810055866,True,0.0056604,0.024301,0.96732
6608,7.5,700000.0,,1.739,0.00923,-0.2296,188.40736728060673,True,0.0045338,0.020547,0.96027
6608,8.0,700000.0,,1.797,0.00961,-0.2297,186.99271592091569,True,0.0035559,0.020547,0.95314
6608,8.5,700000.0,,1.8518,0.01036,-0.23,178.74517374517376,True,0.0027096,0.01732,0.94597
6608,9.0,700000.0,ayashii,7.0795,0.00114,-1.7169,6210.087719298246,True,0.0027096,0.01732,0.93154
6608,9.5,700000.0,ayashii,7.6759,0.00117,-1.8779,6560.598290598291,True,0.0027096,0.01732,0.9243
6608,10.0,700000.0,,2.0294,0.01112,-0.2295,182.5,True,0.0019858,0.01732,0.91704
6608,10.5,700000.0,ayashii,9.3882,0.00102,-2.3117,9204.117647058822,True,0.0019858,0.014562,0.90977
6608,11.0,700000.0,,2.1338,0.01248,-0.2296,170.9775641025641,True,0.0019858,0.014562,0.90248
6608,11.5,700000.0,ayashii,9.7789,0.00108,-2.3945,9054.537037037036,True,0.0013766,0.014562,0.89518
6608,12.0,700000.0,,2.2567,0.01589,-0.2337,142.0201384518565,True,0.0013766,0.014562,0.88787
6608,12.5,700000.0,,2.4113,0.0113,-0.2478,213.38938053097348,True,0.0013766,0.012207,0.88055
6608,13.0,700000.0,ayashii,2.5254,0.01068,-0.2602,236.46067415730334,True,0.00087485,0.014562,0.8585
6609,6.0,700000.0,,1.5901,0.00688,-0.2364,231.11918604651166,True,,,0.97471
6609,6.5,700000.0,,1.632,0.00766,-0.234,213.05483028720624,True,,,0.96084
6609,7.0,700000.0,,1.7028,0.00786,-0.2373,216.64122137404578,True,0.015831,0.046744,0.95364
6609,7.5,700000.0,,1.7457,0.00825,-0.2339,211.6,True,0.010084,0.036354,0.94636
6609,8.0,700000.0,,1.8027,0.00879,-0.2345,205.08532423208192,True,0.007248,0.027798,0.93902
6609,8.5,700000.0,,1.8618,0.009,-0.2356,206.86666666666667,True,0.0060572,0.024215,0.93164
6609,9.0,700000.0,,1.918,0.00935,-0.2351,205.13368983957216,True,0.0049964,0.021055,0.92423
6609,9.5,700000.0,,1.9772,0.00968,-0.2354,204.25619834710747,True,0.0040526,0.021055,0.9168
6609,10.0,700000.0,,2.0345,0.01007,-0.2359,202.03574975173782,True,0.0032157,0.018276,0.90189
6609,10.5,700000.0,,2.0879,0.01064,-0.2366,196.2312030075188,True,0.0032157,0.018276,0.89442
6609,11.0,700000.0,,2.1465,0.01108,-0.237,193.7274368231047,True,0.0032157,0.018276,0.87942
6609,11.5,700000.0,,2.2049,0.0111,-0.2374,198.63963963963963,True,0.0024782,0.015831,0.86437
6609,12.0,700000.0,ayashii,9.3038,0.00102,-2.288,9121.372549019608,True,0.0024782,0.015831,0.85682
6609,12.5,700000.0,,2.3148,0.01225,-0.2398,188.96326530612245,True,0.0024782,0.015831,0.84169
6609,13.0,700000.0,,2.3704,0.01326,-0.2423,178.76319758672702,True,0.0018375,0.013676,0.82651
6609,13.5,700000.0,ayashii,12.2754,0.00083,-3.0854,14789.638554216866,True,0.0018375,0.013676,0.78072
6609,14.0,700000.0,ayashii,2.5793,0.01037,-0.2682,248.72709739633555,True,0.0018375,0.013676,0.79603
6609,14.5,700000.0,ayashii,2.594,0.0144,-0.2722,180.13888888888889,True,0.0018375,0.013676,0.77305
6609,15.0,700000.0,ayashii,2.6622,0.01342,-0.2728,198.37555886736214,True,0.0018375,0.013676,0.74999
6610,6.0,700000.0,,1.6159,0.0073,-0.2461,221.35616438356163,True,,,0.96821
6610,6.5,700000.0,,1.6516,0.00692,-0.2388,238.67052023121386,True,,,0.95398
6610,7.0,700000.0,,1.7083,0.00715,-0.2391,238.9230769230769,True,,,0.94662
6610,7.5,700000.0,,1.7608,0.00744,-0.2387,236.66666666666663,True,,,0.93917
6610,8.0,700000.0,ayashii,1.8271,0.00751,-0.242,243.288948069241,True,0.019708,0.049597,0.93165
6610,8.5,700000.0,,1.8784,0.00792,-0.2412,237.17171717171718,True,0.01353,0.039821,0.92409
6610,9.0,700000.0,,1.9304,0.00822,-0.24,234.84184914841848,True,0.010335,0.031677,0.91649
6610,9.5,700000.0,,1.9873,0.00859,-0.2408,231.35040745052387,True,0.0077048,0.028188,0.90123
6610,10.0,700000.0,,2.0436,0.00887,-0.2417,230.3945885005637,True,0.0065683,0.025052,0.89356
6610,10.5,700000.0,,2.1018,0.00919,-0.2424,228.70511425462456,True,0.0055378,0.022237,0.88588
6610,11.0,700000.0,,2.1591,0.00954,-0.2431,226.32075471698113,True,0.0046055,0.022237,0.87047
6610,11.5,700000.0,,2.2147,0.0099,-0.2439,223.7070707070707,True,0.0046055,0.019708,0.855
6610,12.0,700000.0,ayashii,2.3115,0.00906,-0.2539,255.13245033112582,True,0.0037648,0.019708,0.84724
6610,12.5,700000.0,,2.3251,0.01062,-0.2462,218.93596986817326,True,0.0037648,0.017433,0.83169
6610,13.0,700000.0,,2.3809,0.01123,-0.2481,212.01246660730186,True,0.0030104,0.017433,0.81609
6610,13.5,700000.0,,2.4396,0.01149,-0.2508,212.3237597911227,True,0.0030104,0.017433,0.79259
6610,14.0,700000.0,ayashii,2.5083,0.01267,-0.2572,197.97158642462512,True,0.0030104,0.015382,0.77687
6610,14.5,700000.0,ayashii,2.6285,0.00898,-0.2693,292.70601336302894,True,0.0030104,0.015382,0.76111
6610,15.0,700000.0,ayashii,2.6248,0.01185,-0.2621,221.50210970464136,True,0.0023384,0.015382,0.7374
6611,6.0,700000.0,,1.5948,0.00716,-0.2409,222.73743016759778,True,,,0.96125
6611,6.5,700000.0,ayashii,1.6835,0.00679,-0.248,247.93814432989691,True,,,0.95403
6611,7.0,700000.0,ayashii,1.7159,0.00649,-0.2411,264.3913713405239,True,,,0.93908
6611,7.5,700000.0,ayashii,1.7757,0.00669,-0.2421,265.4260089686099,True,,,0.93145
6611,8.0,700000.0,ayashii,1.8323,0.00692,-0.2435,264.78323699421964,True,,,0.92375
6611,8.5,700000.0,ayashii,1.8918,0.00712,-0.2447,265.7022471910112,True,0.043766,0.053059,0.90819
6612,6.0,700000.0,ayashii,1.6656,0.0052,-0.253,320.3076923076923,True,,,0.95381
6612,6.5,700000.0,ayashii,1.7306,0.00551,-0.2569,314.0834845735027,True,,,0.94637
6612,7.0,700000.0,ayashii,1.7447,0.0067,-0.2506,260.4029850746268,True,,,0.93104
6612,7.5,700000.0,ayashii,1.7878,0.00605,-0.2451,295.504132231405,True,,,0.92322
6612,8.0,700000.0,ayashii,1.8466,0.00635,-0.2473,290.8031496062992,True,,,0.91532
6613,6.0,700000.0,ayashii,1.67,0.00482,-0.2522,346.47302904564316,True,,,0.94608
6613,6.5,700000.0,ayashii,1.7438,0.00497,-0.258,350.86519114688133,True,,,0.93843
6613,7.0,700000.0,ayashii,1.7988,0.00523,-0.2593,343.93881453154876,True,,,0.93063
6613,7.5,700000.0,ayashii,1.8242,0.00638,-0.2566,285.9247648902821,True,,,0.91469
6613,8.0,700000.0,ayashii,1.8591,0.00668,-0.2518,278.30838323353294,True,,,0.90659
6708,6.0,700000.0,,1.6659,0.00965,-0.2668,172.6321243523316,True,0.0068928,0.028861,0.9619
6708,6.5,700000.0,,1.6942,0.01042,-0.2605,162.59117082533587,True,0.0055883,0.024462,0.9619
6708,7.0,700000.0,,1.7617,0.01064,-0.2627,165.5733082706767,True,0.0044575,0.02064,0.9551
6708,7.5,700000.0,,1.8897,0.00998,-0.2768,189.34869739478958,True,0.0034777,0.02064,0.9551
6708,8.0,700000.0,,1.9061,0.01061,-0.269,179.6512723845429,True,0.0034777,0.017362,0.9551
6708,8.5,700000.0,,1.9817,0.01159,-0.2734,170.98360655737704,True,0.0026325,0.017362,0.94825
6708,9.0,700000.0,,2.0567,0.01177,-0.2766,174.7408666100255,True,0.0026325,0.017362,0.94825
6708,9.5,700000.0,,2.1455,0.01122,-0.2827,191.2210338680927,True,0.0019131,0.017362,0.94825
6708,10.0,700000.0,ayashii,10.1925,0.00131,-2.535,7780.534351145039,True,0.0019131,0.014567,0.94825
6708,10.5,700000.0,ayashii,11.2143,0.00129,-2.8158,8693.255813953489,True,0.0019131,0.014567,0.94137
6708,11.0,700000.0,ayashii,12.0766,0.00122,-3.0229,9898.852459016392,True,0.001311,0.014567,0.94137
6708,11.5,700000.0,,2.4641,0.01457,-0.2968,169.12148249828417,True,0.001311,0.014567,0.93445
6708,12.0,700000.0,ayashii,2.5618,0.02879,-0.3131,88.9822855158041,True,0.001311,0.014567,0.92054
6708,12.5,700000.0,ayashii,2.7115,0.01034,-0.3101,262.2340425531915,True,0.00082069,0.014567,0.89952
6709,6.0,700000.0,,1.7255,0.00794,-0.2818,217.31738035264488,True,0.024396,0.053447,0.9488
6709,6.5,700000.0,,1.7491,0.00868,-0.274,201.50921658986175,True,0.013662,0.041955,0.9488
6709,7.0,700000.0,,1.7611,0.00972,-0.2643,181.18312757201647,True,0.0085097,0.032208,0.9488
6709,7.5,700000.0,,1.8301,0.00995,-0.267,183.92964824120602,True,0.0071627,0.028064,0.94182
6709,8.0,700000.0,,1.8871,0.01031,-0.2683,183.03588748787584,True,0.0059644,0.024396,0.94182
6709,8.5,700000.0,,1.9759,0.01019,-0.2749,193.90578999018646,True,0.0048989,0.021167,0.93481
6709,9.0,700000.0,,2.0828,0.00981,-0.2853,212.3139653414883,True,0.0039532,0.018335,0.93481
6709,9.5,700000.0,,2.1498,0.01007,-0.2873,213.4856007944389,True,0.0031167,0.018335,0.92776
6709,10.0,700000.0,,2.1802,0.01096,-0.2828,198.9233576642336,True,0.0031167,0.018335,0.92068
6709,10.5,700000.0,,2.2486,0.01172,-0.2865,191.86006825938568,True,0.0031167,0.018335,0.91357
6709,11.0,700000.0,,2.3542,0.01108,-0.2969,212.47292418772565,True,0.0023833,0.015848,0.90644
6709,11.5,700000.0,,2.3835,0.01196,-0.293,199.2892976588629,True,0.0023833,0.015848,0.89929
6709,12.0,700000.0,ayashii,10.0723,0.00125,-2.4906,8057.84,True,0.0023833,0.015848,0.89212
6709,12.5,700000.0,ayashii,2.5288,0.01358,-0.3032,186.21502209131074,True,0.0023833,0.013662,0.88492
6709,13.0,700000.0,ayashii,2.6018,0.01569,-0.3075,165.8253664754621,True,0.0017505,0.013662,0.87771
6709,13.5,700000.0,ayashii,13.8443,0.00103,-3.5151,13441.067961165048,True,0.0017505,0.013662,0.86322
6709,14.0,700000.0,ayashii,2.844,0.00887,-0.3246,320.6313416009019,True,0.0017505,0.013662,0.84134
6710,6.0,700000.0,,1.7042,0.00748,-0.2768,227.8342245989305,True,,,0.94212
6710,6.5,700000.0,,1.754,0.00782,-0.2754,224.29667519181584,True,,,0.94212
6710,7.0,700000.0,ayashii,1.8517,0.0076,-0.2862,243.64473684210526,True,0.022245,0.055744,0.93501
6710,7.5,700000.0,,1.8653,0.00859,-0.276,217.14784633294528,True,0.015313,0.044931,0.93501
6710,8.0,700000.0,,1.9343,0.0086,-0.2801,224.91860465116278,True,0.011755,0.035779,0.93501
6710,8.5,700000.0,,2.0007,0.00882,-0.2821,226.8367346938776,True,0.0088395,0.031834,0.92786
6710,9.0,700000.0,,2.0264,0.00962,-0.2755,210.64449064449067,True,0.007582,0.028285,0.92067
6710,9.5,700000.0,,2.1049,0.00965,-0.2815,218.12435233160622,True,0.0064418,0.0251,0.92067
6710,10.0,700000.0,,2.1749,0.00967,-0.2851,224.9120992761117,True,0.0054097,0.022245,0.91344
6710,10.5,700000.0,,2.2551,0.00978,-0.2911,230.58282208588957,True,0.0044778,0.019685,0.90619
6710,11.0,700000.0,,2.3114,0.01015,-0.2921,227.72413793103448,True,0.0044778,0.019685,0.89891
6710,11.5,700000.0,,2.3979,0.01019,-0.2988,235.3189401373896,True,0.0036396,0.019685,0.8916
6710,12.0,700000.0,ayashii,2.5098,0.01104,-0.3113,227.33695652173913,True,0.0036396,0.017384,0.87693
6710,12.5,700000.0,ayashii,2.5529,0.01013,-0.3106,252.01382033563672,True,0.0028896,0.017384,0.86955
6710,13.0,700000.0,ayashii,2.6321,0.01008,-0.3173,261.12103174603175,True,0.0028896,0.017384,0.85475
6710,13.5,700000.0,ayashii,2.6924,0.00976,-0.3181,275.8606557377049,True,0.0028896,0.015313,0.84732
6711,6.0,700000.0,ayashii,1.7215,0.00689,-0.2806,249.85486211901306,True,,,0.93503
6711,6.5,700000.0,ayashii,1.7951,0.00691,-0.2854,259.7829232995658,True,,,0.93503
6711,7.0,700000.0,ayashii,1.8817,0.00687,-0.293,273.901018922853,True,,,0.92779
6711,7.5,700000.0,ayashii,1.8861,0.00758,-0.2807,248.82585751978894,True,,,0.92779
6711,8.0,700000.0,ayashii,1.9269,0.00801,-0.2775,240.561797752809,True,0.026481,0.05891,0.9205
6712,6.0,700000.0,ayashii,1.7411,0.00639,-0.2854,272.472613458529,True,,,0.92749
